date_visit,page
{'$date': '2024-04-17T22:36:26.294Z'},A
{'$date': '2024-03-29T22:36:26.294Z'},A
{'$date': '2024-04-16T22:36:26.294Z'},A
{'$date': '2024-03-21T22:36:26.294Z'},A
{'$date': '2024-03-21T22:36:26.294Z'},A
{'$date': '2024-03-20T22:36:26.294Z'},A
{'$date': '2024-04-05T22:36:26.294Z'},A
{'$date': '2024-03-27T22:36:26.294Z'},A
{'$date': '2024-04-07T22:36:26.294Z'},A
{'$date': '2024-03-28T22:36:26.294Z'},A
{'$date': '2024-04-12T22:36:26.294Z'},A
{'$date': '2024-04-14T22:36:26.294Z'},A
{'$date': '2024-03-26T22:36:26.294Z'},A
{'$date': '2024-04-08T22:36:26.294Z'},A
{'$date': '2024-03-21T22:36:26.294Z'},A
{'$date': '2024-04-02T22:36:26.294Z'},A
{'$date': '2024-04-18T22:36:26.294Z'},A
{'$date': '2024-03-23T22:36:26.294Z'},A
{'$date': '2024-03-21T22:36:26.294Z'},A
{'$date': '2024-03-23T22:36:26.294Z'},A
{'$date': '2024-04-13T22:36:26.294Z'},A
{'$date': '2024-03-23T22:36:26.294Z'},A
{'$date': '2024-04-09T22:36:26.294Z'},A
{'$date': '2024-04-17T22:36:26.294Z'},A
{'$date': '2024-03-21T22:36:26.294Z'},A
{'$date': '2024-04-03T22:36:26.294Z'},A
{'$date': '2024-03-25T22:36:26.294Z'},A
{'$date': '2024-03-27T22:36:26.294Z'},A
{'$date': '2024-03-21T22:36:26.294Z'},A
{'$date': '2024-04-07T22:36:26.294Z'},A
{'$date': '2024-04-11T22:36:26.294Z'},A
{'$date': '2024-04-02T22:36:26.294Z'},A
{'$date': '2024-04-12T22:36:26.294Z'},A
{'$date': '2024-04-16T22:36:26.294Z'},A
{'$date': '2024-04-10T22:36:26.294Z'},A
{'$date': '2024-04-18T22:36:26.294Z'},A
{'$date': '2024-04-13T22:36:26.294Z'},A
{'$date': '2024-03-31T22:36:26.294Z'},A
{'$date': '2024-04-02T22:36:26.294Z'},A
{'$date': '2024-04-07T22:36:26.294Z'},A
{'$date': '2024-03-30T22:36:26.294Z'},A
{'$date': '2024-04-03T22:36:26.294Z'},A
{'$date': '2024-04-12T22:36:26.294Z'},A
{'$date': '2024-03-20T22:36:26.294Z'},A
{'$date': '2024-04-17T22:36:26.294Z'},A
{'$date': '2024-03-29T22:36:26.294Z'},A
{'$date': '2024-04-17T22:36:26.294Z'},A
{'$date': '2024-04-08T22:36:26.294Z'},A
{'$date': '2024-04-07T22:36:26.294Z'},A
{'$date': '2024-03-21T22:36:26.294Z'},A
{'$date': '2024-03-26T22:36:26.294Z'},A
{'$date': '2024-03-23T22:36:26.294Z'},A
{'$date': '2024-03-26T22:36:26.294Z'},A
{'$date': '2024-04-06T22:36:26.294Z'},A
{'$date': '2024-04-16T22:36:26.294Z'},A
{'$date': '2024-04-15T22:36:26.294Z'},A
{'$date': '2024-03-24T22:36:26.294Z'},A
{'$date': '2024-04-01T22:36:26.294Z'},A
{'$date': '2024-03-24T22:36:26.294Z'},A
{'$date': '2024-03-31T22:36:26.294Z'},A
{'$date': '2024-04-16T22:36:26.294Z'},A
{'$date': '2024-04-17T22:36:26.294Z'},A
{'$date': '2024-03-20T22:36:26.294Z'},A
{'$date': '2024-04-10T22:36:26.294Z'},A
{'$date': '2024-04-11T22:36:26.294Z'},A
{'$date': '2024-03-29T22:36:26.294Z'},A
{'$date': '2024-03-20T22:36:26.294Z'},A
{'$date': '2024-03-23T22:36:26.294Z'},A
{'$date': '2024-04-01T22:36:26.294Z'},A
{'$date': '2024-03-23T22:36:26.294Z'},A
{'$date': '2024-03-25T22:36:26.294Z'},A
{'$date': '2024-04-10T22:36:26.294Z'},A
{'$date': '2024-04-17T22:36:26.294Z'},A
{'$date': '2024-03-19T22:36:26.294Z'},A
{'$date': '2024-04-06T22:36:26.294Z'},A
{'$date': '2024-04-17T22:36:26.294Z'},A
{'$date': '2024-03-19T22:36:26.294Z'},A
{'$date': '2024-03-22T22:36:26.294Z'},A
{'$date': '2024-03-24T22:36:26.294Z'},A
{'$date': '2024-03-21T22:36:26.294Z'},A
{'$date': '2024-04-16T22:36:26.294Z'},A
{'$date': '2024-03-24T22:36:26.294Z'},A
{'$date': '2024-03-31T22:36:26.294Z'},A
{'$date': '2024-04-01T22:36:26.294Z'},A
{'$date': '2024-03-21T22:36:26.294Z'},A
{'$date': '2024-04-08T22:36:26.294Z'},A
{'$date': '2024-04-15T22:36:26.294Z'},A
{'$date': '2024-03-22T22:36:26.294Z'},A
{'$date': '2024-04-18T22:36:26.294Z'},A
{'$date': '2024-03-24T22:36:26.294Z'},A
{'$date': '2024-04-07T22:36:26.294Z'},A
{'$date': '2024-03-31T22:36:26.294Z'},A
{'$date': '2024-03-29T22:36:26.294Z'},A
{'$date': '2024-04-11T22:36:26.294Z'},A
{'$date': '2024-04-16T22:36:26.294Z'},A
{'$date': '2024-04-10T22:36:26.294Z'},A
{'$date': '2024-04-06T22:36:26.294Z'},A
{'$date': '2024-03-24T22:36:26.294Z'},A
{'$date': '2024-04-04T22:36:26.294Z'},A
{'$date': '2024-03-25T22:36:26.294Z'},A
{'$date': '2024-04-13T22:36:26.294Z'},A
{'$date': '2024-04-17T22:36:26.294Z'},A
{'$date': '2024-03-24T22:36:26.294Z'},A
{'$date': '2024-04-01T22:36:26.294Z'},A
{'$date': '2024-04-01T22:36:26.294Z'},A
{'$date': '2024-04-11T22:36:26.294Z'},A
{'$date': '2024-03-20T22:36:26.294Z'},A
{'$date': '2024-04-05T22:36:26.294Z'},A
{'$date': '2024-03-19T22:36:26.294Z'},A
{'$date': '2024-04-11T22:36:26.294Z'},A
{'$date': '2024-04-09T22:36:26.294Z'},A
{'$date': '2024-03-28T22:36:26.294Z'},A
{'$date': '2024-04-08T22:36:26.294Z'},A
{'$date': '2024-04-03T22:36:26.294Z'},A
{'$date': '2024-03-21T22:36:26.294Z'},A
{'$date': '2024-04-08T22:36:26.294Z'},A
{'$date': '2024-04-14T22:36:26.294Z'},A
{'$date': '2024-04-13T22:36:26.294Z'},A
{'$date': '2024-04-05T22:36:26.294Z'},A
{'$date': '2024-03-25T22:36:26.294Z'},A
{'$date': '2024-04-07T22:36:26.294Z'},A
{'$date': '2024-03-21T22:36:26.294Z'},A
{'$date': '2024-04-16T22:36:26.294Z'},A
{'$date': '2024-03-25T22:36:26.294Z'},A
{'$date': '2024-04-10T22:36:26.294Z'},A
{'$date': '2024-04-16T22:36:26.294Z'},A
{'$date': '2024-04-13T22:36:26.294Z'},A
{'$date': '2024-03-23T22:36:26.294Z'},A
{'$date': '2024-04-13T22:36:26.294Z'},A
{'$date': '2024-03-29T22:36:26.294Z'},A
{'$date': '2024-04-01T22:36:26.294Z'},A
{'$date': '2024-04-07T22:36:26.294Z'},A
{'$date': '2024-03-23T22:36:26.294Z'},A
{'$date': '2024-04-07T22:36:26.294Z'},A
{'$date': '2024-04-01T22:36:26.294Z'},A
{'$date': '2024-04-11T22:36:26.294Z'},A
{'$date': '2024-04-10T22:36:26.294Z'},A
{'$date': '2024-03-28T22:36:26.294Z'},A
{'$date': '2024-04-06T22:36:26.294Z'},A
{'$date': '2024-04-09T22:36:26.294Z'},A
{'$date': '2024-03-30T22:36:26.294Z'},A
{'$date': '2024-03-19T22:36:26.294Z'},A
{'$date': '2024-04-15T22:36:26.294Z'},A
{'$date': '2024-03-30T22:36:26.294Z'},A
{'$date': '2024-04-13T22:36:26.294Z'},A
{'$date': '2024-03-28T22:36:26.294Z'},A
{'$date': '2024-03-23T22:36:26.294Z'},A
{'$date': '2024-04-03T22:36:26.294Z'},A
{'$date': '2024-03-24T22:36:26.294Z'},A
{'$date': '2024-04-03T22:36:26.294Z'},A
{'$date': '2024-04-09T22:36:26.294Z'},A
{'$date': '2024-03-23T22:36:26.294Z'},A
{'$date': '2024-03-30T22:36:26.294Z'},A
{'$date': '2024-04-16T22:36:26.294Z'},A
{'$date': '2024-04-16T22:36:26.294Z'},A
{'$date': '2024-04-16T22:36:26.294Z'},A
{'$date': '2024-03-21T22:36:26.294Z'},A
{'$date': '2024-04-02T22:36:26.294Z'},A
{'$date': '2024-04-06T22:36:26.294Z'},A
{'$date': '2024-03-29T22:36:26.294Z'},A
{'$date': '2024-03-26T22:36:26.294Z'},A
{'$date': '2024-04-06T22:36:26.294Z'},A
{'$date': '2024-04-18T22:36:26.294Z'},A
{'$date': '2024-04-03T22:36:26.294Z'},A
{'$date': '2024-03-26T22:36:26.294Z'},A
{'$date': '2024-04-02T22:36:26.294Z'},A
{'$date': '2024-03-19T22:36:26.294Z'},A
{'$date': '2024-03-26T22:36:26.294Z'},A
{'$date': '2024-04-17T22:36:26.294Z'},A
{'$date': '2024-03-23T22:36:26.294Z'},A
{'$date': '2024-04-08T22:36:26.294Z'},A
{'$date': '2024-03-24T22:36:26.294Z'},A
{'$date': '2024-04-03T22:36:26.294Z'},A
{'$date': '2024-03-30T22:36:26.294Z'},A
{'$date': '2024-03-31T22:36:26.294Z'},A
{'$date': '2024-03-23T22:36:26.294Z'},A
{'$date': '2024-04-02T22:36:26.294Z'},A
{'$date': '2024-04-01T22:36:26.294Z'},A
{'$date': '2024-04-14T22:36:26.294Z'},A
{'$date': '2024-04-06T22:36:26.294Z'},A
{'$date': '2024-04-04T22:36:26.294Z'},A
{'$date': '2024-03-26T22:36:26.294Z'},A
{'$date': '2024-04-04T22:36:26.294Z'},A
{'$date': '2024-04-18T22:36:26.294Z'},A
{'$date': '2024-03-29T22:36:26.294Z'},A
{'$date': '2024-04-12T22:36:26.294Z'},A
{'$date': '2024-03-31T22:36:26.294Z'},A
{'$date': '2024-03-26T22:36:26.294Z'},A
{'$date': '2024-03-25T22:36:26.294Z'},A
{'$date': '2024-04-09T22:36:26.294Z'},A
{'$date': '2024-03-22T22:36:26.294Z'},A
{'$date': '2024-04-06T22:36:26.294Z'},A
{'$date': '2024-03-25T22:36:26.294Z'},A
{'$date': '2024-04-15T22:36:26.294Z'},A
{'$date': '2024-04-18T22:36:26.294Z'},A
{'$date': '2024-03-31T22:36:26.294Z'},A
{'$date': '2024-04-06T22:36:26.294Z'},A
{'$date': '2024-04-11T22:36:26.294Z'},A
{'$date': '2024-04-01T22:36:26.294Z'},A
{'$date': '2024-04-08T22:36:26.294Z'},A
{'$date': '2024-04-14T22:36:26.294Z'},A
{'$date': '2024-04-02T22:36:26.294Z'},A
{'$date': '2024-04-11T22:36:26.294Z'},A
{'$date': '2024-03-21T22:36:26.294Z'},A
{'$date': '2024-04-05T22:36:26.294Z'},A
{'$date': '2024-03-31T22:36:26.294Z'},A
{'$date': '2024-04-06T22:36:26.294Z'},A
{'$date': '2024-03-21T22:36:26.294Z'},A
{'$date': '2024-04-16T22:36:26.294Z'},A
{'$date': '2024-04-06T22:36:26.294Z'},A
{'$date': '2024-04-15T22:36:26.294Z'},A
{'$date': '2024-04-17T22:36:26.294Z'},A
{'$date': '2024-04-08T22:36:26.294Z'},A
{'$date': '2024-04-13T22:36:26.294Z'},A
{'$date': '2024-04-17T22:36:26.294Z'},A
{'$date': '2024-03-22T22:36:26.294Z'},A
{'$date': '2024-04-09T22:36:26.294Z'},A
{'$date': '2024-03-20T22:36:26.294Z'},A
{'$date': '2024-04-15T22:36:26.294Z'},A
{'$date': '2024-04-18T22:36:26.294Z'},A
{'$date': '2024-04-18T22:36:26.294Z'},A
{'$date': '2024-04-12T22:36:26.294Z'},A
{'$date': '2024-04-07T22:36:26.294Z'},A
{'$date': '2024-04-16T22:36:26.294Z'},A
{'$date': '2024-03-19T22:36:26.294Z'},A
{'$date': '2024-04-09T22:36:26.294Z'},A
{'$date': '2024-04-01T22:36:26.294Z'},A
{'$date': '2024-04-16T22:36:26.294Z'},A
{'$date': '2024-03-20T22:36:26.294Z'},A
{'$date': '2024-03-25T22:36:26.294Z'},A
{'$date': '2024-03-31T22:36:26.294Z'},A
{'$date': '2024-04-17T22:36:26.294Z'},A
{'$date': '2024-04-13T22:36:26.294Z'},A
{'$date': '2024-04-10T22:36:26.294Z'},A
{'$date': '2024-03-21T22:36:26.294Z'},A
{'$date': '2024-04-11T22:36:26.294Z'},A
{'$date': '2024-04-04T22:36:26.294Z'},A
{'$date': '2024-04-14T22:36:26.294Z'},A
{'$date': '2024-03-31T22:36:26.294Z'},A
{'$date': '2024-04-02T22:36:26.294Z'},A
{'$date': '2024-04-09T22:36:26.294Z'},A
{'$date': '2024-03-23T22:36:26.294Z'},A
{'$date': '2024-03-22T22:36:26.294Z'},A
{'$date': '2024-04-13T22:36:26.294Z'},A
{'$date': '2024-03-31T22:36:26.294Z'},A
{'$date': '2024-04-04T22:36:26.294Z'},A
{'$date': '2024-04-02T22:36:26.294Z'},A
{'$date': '2024-03-31T22:36:26.294Z'},A
{'$date': '2024-04-09T22:36:26.294Z'},A
{'$date': '2024-04-10T22:36:26.294Z'},A
{'$date': '2024-03-22T22:36:26.294Z'},A
{'$date': '2024-04-14T22:36:26.294Z'},A
{'$date': '2024-03-25T22:36:26.294Z'},A
{'$date': '2024-04-16T22:36:26.294Z'},A
{'$date': '2024-03-26T22:36:26.294Z'},A
{'$date': '2024-04-06T22:36:26.294Z'},A
{'$date': '2024-04-05T22:36:26.294Z'},A
{'$date': '2024-03-29T22:36:26.294Z'},A
{'$date': '2024-04-14T22:36:26.294Z'},A
{'$date': '2024-04-11T22:36:26.294Z'},A
{'$date': '2024-04-07T22:36:26.294Z'},A
{'$date': '2024-04-18T22:36:26.294Z'},A
{'$date': '2024-04-02T22:36:26.294Z'},A
{'$date': '2024-03-23T22:36:26.294Z'},A
{'$date': '2024-03-29T22:36:26.294Z'},A
{'$date': '2024-04-13T22:36:26.294Z'},A
{'$date': '2024-03-23T22:36:26.294Z'},A
{'$date': '2024-03-27T22:36:26.294Z'},A
{'$date': '2024-04-05T22:36:26.294Z'},A
{'$date': '2024-03-20T22:36:26.294Z'},A
{'$date': '2024-04-05T22:36:26.294Z'},A
{'$date': '2024-04-05T22:36:26.294Z'},A
{'$date': '2024-04-07T22:36:26.294Z'},A
{'$date': '2024-04-15T22:36:26.294Z'},A
{'$date': '2024-03-30T22:36:26.294Z'},A
{'$date': '2024-03-19T22:36:26.294Z'},A
{'$date': '2024-03-20T22:36:26.294Z'},A
{'$date': '2024-03-25T22:36:26.294Z'},A
{'$date': '2024-03-23T22:36:26.294Z'},A
{'$date': '2024-04-06T22:36:26.294Z'},A
{'$date': '2024-03-27T22:36:26.294Z'},A
{'$date': '2024-03-25T22:36:26.294Z'},A
{'$date': '2024-03-19T22:36:26.294Z'},A
{'$date': '2024-03-30T22:36:26.294Z'},A
{'$date': '2024-03-23T22:36:26.294Z'},A
{'$date': '2024-03-21T22:36:26.294Z'},A
{'$date': '2024-04-11T22:36:26.294Z'},A
{'$date': '2024-04-03T22:36:26.294Z'},A
{'$date': '2024-04-16T22:36:26.294Z'},A
{'$date': '2024-03-25T22:36:26.294Z'},A
{'$date': '2024-04-11T22:36:26.294Z'},A
{'$date': '2024-04-09T22:36:26.294Z'},A
{'$date': '2024-03-23T22:36:26.294Z'},A
{'$date': '2024-04-11T22:36:26.294Z'},A
{'$date': '2024-04-10T22:36:26.294Z'},A
{'$date': '2024-03-21T22:36:26.294Z'},A
{'$date': '2024-03-30T22:36:26.294Z'},A
{'$date': '2024-04-17T22:36:26.294Z'},A
{'$date': '2024-04-15T22:36:26.294Z'},A
{'$date': '2024-03-21T22:36:26.294Z'},A
{'$date': '2024-04-06T22:36:26.294Z'},A
{'$date': '2024-04-06T22:36:26.294Z'},A
{'$date': '2024-04-15T22:36:26.294Z'},A
{'$date': '2024-03-26T22:36:26.294Z'},A
{'$date': '2024-04-08T22:36:26.294Z'},A
{'$date': '2024-04-02T22:36:26.294Z'},A
{'$date': '2024-04-17T22:36:26.294Z'},A
{'$date': '2024-04-07T22:36:26.294Z'},A
{'$date': '2024-03-27T22:36:26.294Z'},A
{'$date': '2024-03-29T22:36:26.294Z'},A
{'$date': '2024-04-08T22:36:26.294Z'},A
{'$date': '2024-04-17T22:36:26.294Z'},A
{'$date': '2024-03-24T22:36:26.294Z'},A
{'$date': '2024-04-04T22:36:26.294Z'},A
{'$date': '2024-04-13T22:36:26.294Z'},A
{'$date': '2024-04-08T22:36:26.294Z'},A
{'$date': '2024-04-16T22:36:26.294Z'},A
{'$date': '2024-04-05T22:36:26.294Z'},A
{'$date': '2024-04-03T22:36:26.294Z'},A
{'$date': '2024-03-23T22:36:26.294Z'},A
{'$date': '2024-04-03T22:36:26.294Z'},A
{'$date': '2024-04-16T22:36:26.294Z'},A
{'$date': '2024-03-19T22:36:26.294Z'},A
{'$date': '2024-04-02T22:36:26.294Z'},A
{'$date': '2024-04-10T22:36:26.294Z'},A
{'$date': '2024-04-12T22:36:26.294Z'},A
{'$date': '2024-04-09T22:36:26.294Z'},A
{'$date': '2024-04-14T22:36:26.294Z'},A
{'$date': '2024-04-11T22:36:26.294Z'},A
{'$date': '2024-04-09T22:36:26.294Z'},A
{'$date': '2024-04-18T22:36:26.294Z'},A
{'$date': '2024-04-03T22:36:26.294Z'},A
{'$date': '2024-04-08T22:36:26.294Z'},A
{'$date': '2024-03-31T22:36:26.294Z'},A
{'$date': '2024-03-24T22:36:26.294Z'},A
{'$date': '2024-04-16T22:36:26.294Z'},A
{'$date': '2024-04-18T22:36:26.294Z'},A
{'$date': '2024-04-06T22:36:26.294Z'},A
{'$date': '2024-04-02T22:36:26.294Z'},A
{'$date': '2024-03-21T22:36:26.294Z'},A
{'$date': '2024-04-16T22:36:26.294Z'},A
{'$date': '2024-04-16T22:36:26.294Z'},A
{'$date': '2024-04-04T22:36:26.294Z'},A
{'$date': '2024-03-19T22:36:26.294Z'},A
{'$date': '2024-03-23T22:36:26.294Z'},A
{'$date': '2024-04-08T22:36:26.294Z'},A
{'$date': '2024-03-20T22:36:26.294Z'},A
{'$date': '2024-04-12T22:36:26.294Z'},A
{'$date': '2024-03-20T22:36:26.294Z'},A
{'$date': '2024-04-14T22:36:26.294Z'},A
{'$date': '2024-04-09T22:36:26.294Z'},A
{'$date': '2024-04-03T22:36:26.294Z'},A
{'$date': '2024-04-13T22:36:26.294Z'},A
{'$date': '2024-04-15T22:36:26.294Z'},A
{'$date': '2024-04-11T22:36:26.294Z'},A
{'$date': '2024-04-14T22:36:26.294Z'},A
{'$date': '2024-04-13T22:36:26.294Z'},A
{'$date': '2024-03-30T22:36:26.294Z'},A
{'$date': '2024-03-29T22:36:26.294Z'},A
{'$date': '2024-04-13T22:36:26.294Z'},A
{'$date': '2024-03-25T22:36:26.294Z'},A
{'$date': '2024-04-03T22:36:26.294Z'},A
{'$date': '2024-04-10T22:36:26.294Z'},A
{'$date': '2024-03-26T22:36:26.294Z'},A
{'$date': '2024-04-12T22:36:26.294Z'},A
{'$date': '2024-04-05T22:36:26.294Z'},A
{'$date': '2024-04-01T22:36:26.294Z'},A
{'$date': '2024-04-17T22:36:26.294Z'},A
{'$date': '2024-04-13T22:36:26.294Z'},A
{'$date': '2024-03-29T22:36:26.294Z'},A
{'$date': '2024-04-01T22:36:26.294Z'},A
{'$date': '2024-03-28T22:36:26.294Z'},A
{'$date': '2024-03-27T22:36:26.294Z'},A
{'$date': '2024-04-11T22:36:26.294Z'},A
{'$date': '2024-04-02T22:36:26.294Z'},A
{'$date': '2024-04-17T22:36:26.294Z'},A
{'$date': '2024-03-29T22:36:26.294Z'},A
{'$date': '2024-03-29T22:36:26.294Z'},A
{'$date': '2024-03-31T22:36:26.294Z'},A
{'$date': '2024-04-16T22:36:26.294Z'},A
{'$date': '2024-04-14T22:36:26.294Z'},A
{'$date': '2024-04-15T22:36:26.294Z'},A
{'$date': '2024-04-03T22:36:26.294Z'},A
{'$date': '2024-04-04T22:36:26.294Z'},A
{'$date': '2024-04-08T22:36:26.294Z'},A
{'$date': '2024-04-17T22:36:26.294Z'},A
{'$date': '2024-03-19T22:36:26.294Z'},A
{'$date': '2024-04-14T22:36:26.294Z'},A
{'$date': '2024-03-21T22:36:26.294Z'},A
{'$date': '2024-03-19T22:36:26.294Z'},A
{'$date': '2024-03-22T22:36:26.294Z'},A
{'$date': '2024-04-02T22:36:26.294Z'},A
{'$date': '2024-03-20T22:36:26.294Z'},A
{'$date': '2024-03-25T22:36:26.294Z'},A
{'$date': '2024-03-29T22:36:26.294Z'},A
{'$date': '2024-03-25T22:36:26.294Z'},A
{'$date': '2024-04-11T22:36:26.294Z'},A
{'$date': '2024-04-06T22:36:26.294Z'},A
{'$date': '2024-03-27T22:36:26.294Z'},A
{'$date': '2024-03-23T22:36:26.294Z'},A
{'$date': '2024-03-24T22:36:26.294Z'},A
{'$date': '2024-03-29T22:36:26.294Z'},A
{'$date': '2024-04-13T22:36:26.294Z'},A
{'$date': '2024-03-25T22:36:26.294Z'},A
{'$date': '2024-03-26T22:36:26.294Z'},A
{'$date': '2024-03-20T22:36:26.294Z'},A
{'$date': '2024-04-07T22:36:26.294Z'},A
{'$date': '2024-04-15T22:36:26.294Z'},A
{'$date': '2024-03-20T22:36:26.294Z'},A
{'$date': '2024-04-14T22:36:26.294Z'},A
{'$date': '2024-04-03T22:36:26.294Z'},A
{'$date': '2024-04-08T22:36:26.294Z'},A
{'$date': '2024-03-19T22:36:26.294Z'},A
{'$date': '2024-04-15T22:36:26.294Z'},A
{'$date': '2024-04-08T22:36:26.294Z'},A
{'$date': '2024-04-11T22:36:26.294Z'},A
{'$date': '2024-04-17T22:36:26.294Z'},A
{'$date': '2024-03-24T22:36:26.294Z'},A
{'$date': '2024-04-01T22:36:26.294Z'},A
{'$date': '2024-03-19T22:36:26.294Z'},A
{'$date': '2024-04-15T22:36:26.294Z'},A
{'$date': '2024-04-02T22:36:26.294Z'},A
{'$date': '2024-03-31T22:36:26.294Z'},A
{'$date': '2024-04-15T22:36:26.294Z'},A
{'$date': '2024-04-07T22:36:26.294Z'},A
{'$date': '2024-04-01T22:36:26.294Z'},A
{'$date': '2024-03-28T22:36:26.294Z'},A
{'$date': '2024-04-13T22:36:26.294Z'},A
{'$date': '2024-03-25T22:36:26.294Z'},A
{'$date': '2024-04-06T22:36:26.294Z'},A
{'$date': '2024-04-01T22:36:26.294Z'},A
{'$date': '2024-03-28T22:36:26.294Z'},A
{'$date': '2024-04-15T22:36:26.294Z'},A
{'$date': '2024-03-29T22:36:26.294Z'},A
{'$date': '2024-04-05T22:36:26.294Z'},A
{'$date': '2024-04-06T22:36:26.294Z'},A
{'$date': '2024-04-13T22:36:26.294Z'},A
{'$date': '2024-04-02T22:36:26.294Z'},A
{'$date': '2024-04-07T22:36:26.294Z'},A
{'$date': '2024-04-02T22:36:26.294Z'},A
{'$date': '2024-04-17T22:36:26.294Z'},A
{'$date': '2024-03-22T22:36:26.294Z'},A
{'$date': '2024-03-26T22:36:26.294Z'},A
{'$date': '2024-03-29T22:36:26.294Z'},A
{'$date': '2024-04-11T22:36:26.294Z'},A
{'$date': '2024-04-06T22:36:26.294Z'},A
{'$date': '2024-04-08T22:36:26.294Z'},A
{'$date': '2024-03-20T22:36:26.294Z'},A
{'$date': '2024-04-02T22:36:26.294Z'},A
{'$date': '2024-04-15T22:36:26.294Z'},A
{'$date': '2024-04-06T22:36:26.294Z'},A
{'$date': '2024-04-12T22:36:26.294Z'},A
{'$date': '2024-03-20T22:36:26.294Z'},A
{'$date': '2024-04-04T22:36:26.294Z'},A
{'$date': '2024-03-30T22:36:26.294Z'},A
{'$date': '2024-03-22T22:36:26.294Z'},A
{'$date': '2024-04-03T22:36:26.294Z'},A
{'$date': '2024-04-07T22:36:26.294Z'},A
{'$date': '2024-04-01T22:36:26.294Z'},A
{'$date': '2024-04-17T22:36:26.294Z'},A
{'$date': '2024-03-27T22:36:26.294Z'},A
{'$date': '2024-03-30T22:36:26.294Z'},A
{'$date': '2024-04-10T22:36:26.294Z'},A
{'$date': '2024-03-28T22:36:26.294Z'},A
{'$date': '2024-04-16T22:36:26.294Z'},A
{'$date': '2024-04-16T22:36:26.294Z'},A
{'$date': '2024-03-24T22:36:26.294Z'},A
{'$date': '2024-04-03T22:36:26.294Z'},A
{'$date': '2024-03-28T22:36:26.294Z'},A
{'$date': '2024-04-10T22:36:26.294Z'},A
{'$date': '2024-03-29T22:36:26.294Z'},A
{'$date': '2024-04-09T22:36:26.294Z'},A
{'$date': '2024-03-24T22:36:26.294Z'},A
{'$date': '2024-04-17T22:36:26.294Z'},A
{'$date': '2024-04-06T22:36:26.294Z'},A
{'$date': '2024-04-17T22:36:26.294Z'},A
{'$date': '2024-04-13T22:36:26.294Z'},A
{'$date': '2024-04-02T22:36:26.294Z'},A
{'$date': '2024-04-13T22:36:26.294Z'},A
{'$date': '2024-03-30T22:36:26.294Z'},A
{'$date': '2024-03-27T22:36:26.294Z'},A
{'$date': '2024-03-29T22:36:26.294Z'},A
{'$date': '2024-04-14T22:36:26.294Z'},A
{'$date': '2024-03-25T22:36:26.294Z'},A
{'$date': '2024-04-02T22:36:26.294Z'},A
{'$date': '2024-04-14T22:36:26.294Z'},A
{'$date': '2024-03-22T22:36:26.294Z'},A
{'$date': '2024-04-06T22:36:26.294Z'},A
{'$date': '2024-04-04T22:36:26.294Z'},A
{'$date': '2024-03-21T22:36:26.294Z'},A
{'$date': '2024-04-04T22:36:26.294Z'},A
{'$date': '2024-04-01T22:36:26.294Z'},A
{'$date': '2024-03-22T22:36:26.294Z'},A
{'$date': '2024-03-27T22:36:26.294Z'},A
{'$date': '2024-04-07T22:36:26.294Z'},A
{'$date': '2024-03-20T22:36:26.294Z'},A
{'$date': '2024-04-05T22:36:26.294Z'},A
{'$date': '2024-04-16T22:36:26.294Z'},A
{'$date': '2024-04-16T22:36:26.294Z'},A
{'$date': '2024-03-19T22:36:26.294Z'},A
{'$date': '2024-04-07T22:36:26.294Z'},A
{'$date': '2024-03-23T22:36:26.294Z'},A
{'$date': '2024-03-29T22:36:26.294Z'},A
{'$date': '2024-03-27T22:36:26.294Z'},A
{'$date': '2024-04-04T22:36:26.294Z'},A
{'$date': '2024-04-05T22:36:26.294Z'},A
{'$date': '2024-04-18T22:36:26.294Z'},A
{'$date': '2024-04-02T22:36:26.294Z'},A
{'$date': '2024-04-05T22:36:26.294Z'},A
{'$date': '2024-03-19T22:36:26.294Z'},A
{'$date': '2024-04-08T22:36:26.294Z'},A
{'$date': '2024-04-06T22:36:26.294Z'},A
{'$date': '2024-04-17T22:36:26.294Z'},A
{'$date': '2024-04-12T22:36:26.294Z'},A
{'$date': '2024-04-01T22:36:26.294Z'},A
{'$date': '2024-04-17T22:36:26.294Z'},A
{'$date': '2024-04-17T22:36:26.294Z'},A
{'$date': '2024-03-22T22:36:26.294Z'},A
{'$date': '2024-04-11T22:36:26.294Z'},A
{'$date': '2024-04-17T22:36:26.294Z'},A
{'$date': '2024-04-04T22:36:26.294Z'},A
{'$date': '2024-03-28T22:36:26.294Z'},A
{'$date': '2024-04-03T22:36:26.294Z'},A
{'$date': '2024-03-23T22:36:26.294Z'},A
{'$date': '2024-03-26T22:36:26.294Z'},A
{'$date': '2024-04-09T22:36:26.294Z'},A
{'$date': '2024-04-05T22:36:26.294Z'},A
{'$date': '2024-04-09T22:36:26.294Z'},A
{'$date': '2024-04-06T22:36:26.294Z'},A
{'$date': '2024-03-27T22:36:26.294Z'},A
{'$date': '2024-04-10T22:36:26.294Z'},A
{'$date': '2024-04-06T22:36:26.294Z'},A
{'$date': '2024-04-07T22:36:26.294Z'},A
{'$date': '2024-03-28T22:36:26.294Z'},A
{'$date': '2024-03-20T22:36:26.294Z'},A
{'$date': '2024-03-23T22:36:26.294Z'},A
{'$date': '2024-04-17T22:36:26.294Z'},A
{'$date': '2024-03-29T22:36:26.294Z'},A
{'$date': '2024-03-19T22:36:26.294Z'},A
{'$date': '2024-04-16T22:36:26.294Z'},A
{'$date': '2024-04-17T22:36:26.294Z'},A
{'$date': '2024-03-22T22:36:26.294Z'},A
{'$date': '2024-03-19T22:36:26.294Z'},A
{'$date': '2024-04-01T22:36:26.294Z'},A
{'$date': '2024-04-15T22:36:26.294Z'},A
{'$date': '2024-04-05T22:36:26.294Z'},A
{'$date': '2024-03-22T22:36:26.294Z'},A
{'$date': '2024-04-08T22:36:26.294Z'},A
{'$date': '2024-04-17T22:36:26.294Z'},A
{'$date': '2024-04-10T22:36:26.294Z'},A
{'$date': '2024-04-12T22:36:26.294Z'},A
{'$date': '2024-04-17T22:36:26.294Z'},A
{'$date': '2024-03-28T22:36:26.294Z'},A
{'$date': '2024-04-10T22:36:26.294Z'},A
{'$date': '2024-03-22T22:36:26.294Z'},A
{'$date': '2024-04-11T22:36:26.294Z'},A
{'$date': '2024-04-09T22:36:26.294Z'},A
{'$date': '2024-03-29T22:36:26.294Z'},A
{'$date': '2024-03-29T22:36:26.294Z'},A
{'$date': '2024-04-11T22:36:26.294Z'},A
{'$date': '2024-03-23T22:36:26.294Z'},A
{'$date': '2024-04-02T22:36:26.294Z'},A
{'$date': '2024-03-26T22:36:26.294Z'},A
{'$date': '2024-04-14T22:36:26.294Z'},A
{'$date': '2024-04-02T22:36:26.294Z'},A
{'$date': '2024-03-30T22:36:26.294Z'},A
{'$date': '2024-04-06T22:36:26.294Z'},A
{'$date': '2024-04-08T22:36:26.294Z'},A
{'$date': '2024-03-24T22:36:26.294Z'},A
{'$date': '2024-04-18T22:36:26.294Z'},A
{'$date': '2024-03-21T22:36:26.294Z'},A
{'$date': '2024-03-26T22:36:26.294Z'},A
{'$date': '2024-03-31T22:36:26.294Z'},A
{'$date': '2024-03-29T22:36:26.294Z'},A
{'$date': '2024-04-09T22:36:26.294Z'},A
{'$date': '2024-04-02T22:36:26.294Z'},A
{'$date': '2024-03-26T22:36:26.294Z'},A
{'$date': '2024-03-23T22:36:26.294Z'},A
{'$date': '2024-04-12T22:36:26.294Z'},A
{'$date': '2024-03-19T22:36:26.294Z'},A
{'$date': '2024-04-17T22:36:26.294Z'},A
{'$date': '2024-04-06T22:36:26.294Z'},A
{'$date': '2024-04-17T22:36:26.294Z'},A
{'$date': '2024-04-07T22:36:26.294Z'},A
{'$date': '2024-04-12T22:36:26.294Z'},A
{'$date': '2024-04-16T22:36:26.294Z'},A
{'$date': '2024-04-04T22:36:26.294Z'},A
{'$date': '2024-04-14T22:36:26.294Z'},A
{'$date': '2024-03-19T22:36:26.294Z'},A
{'$date': '2024-04-17T22:36:26.294Z'},A
{'$date': '2024-03-30T22:36:26.294Z'},A
{'$date': '2024-04-03T22:36:26.294Z'},A
{'$date': '2024-03-29T22:36:26.294Z'},A
{'$date': '2024-03-24T22:36:26.294Z'},A
{'$date': '2024-03-26T22:36:26.294Z'},A
{'$date': '2024-03-23T22:36:26.294Z'},A
{'$date': '2024-04-16T22:36:26.294Z'},A
{'$date': '2024-04-10T22:36:26.294Z'},A
{'$date': '2024-04-02T22:36:26.294Z'},A
{'$date': '2024-03-26T22:36:26.294Z'},A
{'$date': '2024-04-13T22:36:26.294Z'},A
{'$date': '2024-04-01T22:36:26.294Z'},A
{'$date': '2024-04-07T22:36:26.294Z'},A
{'$date': '2024-04-10T22:36:26.294Z'},A
{'$date': '2024-04-12T22:36:26.294Z'},A
{'$date': '2024-04-07T22:36:26.294Z'},A
{'$date': '2024-03-26T22:36:26.294Z'},A
{'$date': '2024-03-21T22:36:26.294Z'},A
{'$date': '2024-04-01T22:36:26.294Z'},A
{'$date': '2024-03-26T22:36:26.294Z'},A
{'$date': '2024-03-24T22:36:26.294Z'},A
{'$date': '2024-04-08T22:36:26.294Z'},A
{'$date': '2024-04-16T22:36:26.294Z'},A
{'$date': '2024-04-17T22:36:26.294Z'},A
{'$date': '2024-04-17T22:36:26.294Z'},A
{'$date': '2024-03-23T22:36:26.294Z'},A
{'$date': '2024-04-18T22:36:26.294Z'},A
{'$date': '2024-04-16T22:36:26.294Z'},A
{'$date': '2024-04-11T22:36:26.294Z'},A
{'$date': '2024-03-20T22:36:26.294Z'},A
{'$date': '2024-03-22T22:36:26.294Z'},A
{'$date': '2024-04-18T22:36:26.294Z'},A
{'$date': '2024-03-21T22:36:26.294Z'},A
{'$date': '2024-04-18T22:36:26.294Z'},A
{'$date': '2024-03-20T22:36:26.294Z'},A
{'$date': '2024-04-17T22:36:26.294Z'},A
{'$date': '2024-03-21T22:36:26.294Z'},A
{'$date': '2024-04-16T22:36:26.294Z'},A
{'$date': '2024-03-28T22:36:26.294Z'},A
{'$date': '2024-03-31T22:36:26.294Z'},A
{'$date': '2024-04-02T22:36:26.294Z'},A
{'$date': '2024-03-24T22:36:26.294Z'},A
{'$date': '2024-04-14T22:36:26.294Z'},A
{'$date': '2024-04-02T22:36:26.294Z'},A
{'$date': '2024-03-24T22:36:26.294Z'},A
{'$date': '2024-04-08T22:36:26.294Z'},A
{'$date': '2024-03-21T22:36:26.294Z'},A
{'$date': '2024-03-31T22:36:26.294Z'},A
{'$date': '2024-03-27T22:36:26.294Z'},A
{'$date': '2024-03-30T22:36:26.294Z'},A
{'$date': '2024-04-07T22:36:26.294Z'},A
{'$date': '2024-04-12T22:36:26.294Z'},A
{'$date': '2024-04-09T22:36:26.294Z'},A
{'$date': '2024-04-08T22:36:26.294Z'},A
{'$date': '2024-04-08T22:36:26.294Z'},A
{'$date': '2024-03-19T22:36:26.294Z'},A
{'$date': '2024-04-13T22:36:26.294Z'},A
{'$date': '2024-04-06T22:36:26.294Z'},A
{'$date': '2024-03-28T22:36:26.294Z'},A
{'$date': '2024-04-01T22:36:26.294Z'},A
{'$date': '2024-03-21T22:36:26.294Z'},A
{'$date': '2024-04-18T22:36:26.294Z'},A
{'$date': '2024-04-12T22:36:26.294Z'},A
{'$date': '2024-04-03T22:36:26.294Z'},A
{'$date': '2024-04-15T22:36:26.294Z'},A
{'$date': '2024-03-26T22:36:26.294Z'},A
{'$date': '2024-04-10T22:36:26.294Z'},A
{'$date': '2024-03-30T22:36:26.294Z'},A
{'$date': '2024-03-21T22:36:26.294Z'},A
{'$date': '2024-04-02T22:36:26.294Z'},A
{'$date': '2024-03-27T22:36:26.294Z'},A
{'$date': '2024-04-01T22:36:26.294Z'},A
{'$date': '2024-04-06T22:36:26.294Z'},A
{'$date': '2024-04-06T22:36:26.294Z'},A
{'$date': '2024-03-23T22:36:26.294Z'},A
{'$date': '2024-04-07T22:36:26.294Z'},A
{'$date': '2024-04-16T22:36:26.294Z'},A
{'$date': '2024-04-13T22:36:26.294Z'},A
{'$date': '2024-04-06T22:36:26.294Z'},A
{'$date': '2024-04-01T22:36:26.294Z'},A
{'$date': '2024-04-07T22:36:26.294Z'},A
{'$date': '2024-04-08T22:36:26.294Z'},A
{'$date': '2024-04-17T22:36:26.294Z'},A
{'$date': '2024-04-07T22:36:26.294Z'},A
{'$date': '2024-04-11T22:36:26.294Z'},A
{'$date': '2024-03-22T22:36:26.294Z'},A
{'$date': '2024-04-02T22:36:26.294Z'},A
{'$date': '2024-04-03T22:36:26.294Z'},A
{'$date': '2024-04-04T22:36:26.294Z'},A
{'$date': '2024-03-30T22:36:26.294Z'},A
{'$date': '2024-03-24T22:36:26.294Z'},A
{'$date': '2024-03-20T22:36:26.294Z'},A
{'$date': '2024-04-18T22:36:26.294Z'},A
{'$date': '2024-04-16T22:36:26.294Z'},A
{'$date': '2024-04-04T22:36:26.294Z'},A
{'$date': '2024-04-14T22:36:26.294Z'},A
{'$date': '2024-04-16T22:36:26.294Z'},A
{'$date': '2024-03-30T22:36:26.294Z'},A
{'$date': '2024-03-21T22:36:26.294Z'},A
{'$date': '2024-04-13T22:36:26.294Z'},A
{'$date': '2024-04-18T22:36:26.294Z'},A
{'$date': '2024-03-28T22:36:26.294Z'},A
{'$date': '2024-03-19T22:36:26.294Z'},A
{'$date': '2024-04-03T22:36:26.294Z'},A
{'$date': '2024-03-27T22:36:26.294Z'},A
{'$date': '2024-03-29T22:36:26.294Z'},A
{'$date': '2024-04-06T22:36:26.294Z'},A
{'$date': '2024-03-27T22:36:26.294Z'},A
{'$date': '2024-03-27T22:36:26.294Z'},A
{'$date': '2024-03-19T22:36:26.294Z'},A
{'$date': '2024-03-23T22:36:26.294Z'},A
{'$date': '2024-03-29T22:36:26.294Z'},A
{'$date': '2024-04-02T22:36:26.294Z'},A
{'$date': '2024-03-24T22:36:26.294Z'},A
{'$date': '2024-03-29T22:36:26.294Z'},A
{'$date': '2024-03-20T22:36:26.294Z'},A
{'$date': '2024-04-16T22:36:26.294Z'},A
{'$date': '2024-04-11T22:36:26.294Z'},A
{'$date': '2024-04-11T22:36:26.294Z'},A
{'$date': '2024-03-25T22:36:26.294Z'},A
{'$date': '2024-03-19T22:36:26.294Z'},A
{'$date': '2024-03-21T22:36:26.294Z'},A
{'$date': '2024-04-17T22:36:26.294Z'},A
{'$date': '2024-04-17T22:36:26.294Z'},A
{'$date': '2024-03-30T22:36:26.294Z'},A
{'$date': '2024-03-19T22:36:26.294Z'},A
{'$date': '2024-04-09T22:36:26.294Z'},A
{'$date': '2024-04-14T22:36:26.294Z'},A
{'$date': '2024-04-14T22:36:26.294Z'},A
{'$date': '2024-04-02T22:36:26.294Z'},A
{'$date': '2024-03-23T22:36:26.294Z'},A
{'$date': '2024-03-31T22:36:26.294Z'},A
{'$date': '2024-03-31T22:36:26.294Z'},A
{'$date': '2024-04-07T22:36:26.294Z'},A
{'$date': '2024-04-09T22:36:26.294Z'},A
{'$date': '2024-03-22T22:36:26.294Z'},A
{'$date': '2024-04-12T22:36:26.294Z'},A
{'$date': '2024-04-12T22:36:26.294Z'},A
{'$date': '2024-03-31T22:36:26.294Z'},A
{'$date': '2024-03-21T22:36:26.294Z'},A
{'$date': '2024-03-28T22:36:26.294Z'},A
{'$date': '2024-03-31T22:36:26.294Z'},A
{'$date': '2024-03-19T22:36:26.294Z'},A
{'$date': '2024-04-07T22:36:26.294Z'},A
{'$date': '2024-04-15T22:36:26.294Z'},A
{'$date': '2024-03-29T22:36:26.294Z'},A
{'$date': '2024-03-28T22:36:26.294Z'},A
{'$date': '2024-04-17T22:36:26.294Z'},A
{'$date': '2024-04-16T22:36:26.294Z'},A
{'$date': '2024-03-22T22:36:26.294Z'},A
{'$date': '2024-03-27T22:36:26.294Z'},A
{'$date': '2024-04-01T22:36:26.294Z'},A
{'$date': '2024-04-18T22:36:26.294Z'},A
{'$date': '2024-03-27T22:36:26.294Z'},A
{'$date': '2024-04-02T22:36:26.294Z'},A
{'$date': '2024-04-08T22:36:26.294Z'},A
{'$date': '2024-03-24T22:36:26.294Z'},A
{'$date': '2024-04-05T22:36:26.294Z'},A
{'$date': '2024-04-18T22:36:26.294Z'},A
{'$date': '2024-04-03T22:36:26.294Z'},A
{'$date': '2024-04-16T22:36:26.294Z'},A
{'$date': '2024-03-30T22:36:26.294Z'},A
{'$date': '2024-03-25T22:36:26.294Z'},A
{'$date': '2024-03-31T22:36:26.294Z'},A
{'$date': '2024-03-26T22:36:26.294Z'},A
{'$date': '2024-03-25T22:36:26.294Z'},A
{'$date': '2024-03-19T22:36:26.294Z'},A
{'$date': '2024-03-20T22:36:26.294Z'},A
{'$date': '2024-03-25T22:36:26.294Z'},A
{'$date': '2024-03-27T22:36:26.294Z'},A
{'$date': '2024-04-07T22:36:26.294Z'},A
{'$date': '2024-04-07T22:36:26.294Z'},A
{'$date': '2024-03-26T22:36:26.294Z'},A
{'$date': '2024-03-25T22:36:26.294Z'},A
{'$date': '2024-04-10T22:36:26.294Z'},A
{'$date': '2024-04-10T22:36:26.294Z'},A
{'$date': '2024-03-29T22:36:26.294Z'},A
{'$date': '2024-04-04T22:36:26.294Z'},A
{'$date': '2024-04-11T22:36:26.294Z'},A
{'$date': '2024-04-05T22:36:26.294Z'},A
{'$date': '2024-04-06T22:36:26.294Z'},A
{'$date': '2024-04-02T22:36:26.294Z'},A
{'$date': '2024-04-08T22:36:26.294Z'},A
{'$date': '2024-04-06T22:36:26.294Z'},A
{'$date': '2024-03-19T22:36:26.294Z'},A
{'$date': '2024-03-19T22:36:26.294Z'},A
{'$date': '2024-04-05T22:36:26.294Z'},A
{'$date': '2024-04-05T22:36:26.294Z'},A
{'$date': '2024-04-02T22:36:26.294Z'},A
{'$date': '2024-03-23T22:36:26.294Z'},A
{'$date': '2024-03-28T22:36:26.294Z'},A
{'$date': '2024-04-08T22:36:26.294Z'},A
{'$date': '2024-04-02T22:36:26.294Z'},A
{'$date': '2024-03-31T22:36:26.294Z'},A
{'$date': '2024-04-17T22:36:26.294Z'},A
{'$date': '2024-04-12T22:36:26.294Z'},A
{'$date': '2024-04-10T22:36:26.294Z'},A
{'$date': '2024-04-04T22:36:26.294Z'},A
{'$date': '2024-03-20T22:36:26.294Z'},A
{'$date': '2024-04-07T22:36:26.294Z'},A
{'$date': '2024-03-19T22:36:26.294Z'},A
{'$date': '2024-04-10T22:36:26.294Z'},A
{'$date': '2024-04-11T22:36:26.294Z'},A
{'$date': '2024-03-19T22:36:26.294Z'},A
{'$date': '2024-03-31T22:36:26.294Z'},A
{'$date': '2024-04-07T22:36:26.294Z'},A
{'$date': '2024-04-16T22:36:26.294Z'},A
{'$date': '2024-03-23T22:36:26.294Z'},A
{'$date': '2024-04-11T22:36:26.294Z'},A
{'$date': '2024-03-22T22:36:26.294Z'},A
{'$date': '2024-04-08T22:36:26.294Z'},A
{'$date': '2024-04-02T22:36:26.294Z'},A
{'$date': '2024-04-17T22:36:26.294Z'},A
{'$date': '2024-04-11T22:36:26.294Z'},A
{'$date': '2024-04-11T22:36:26.294Z'},A
{'$date': '2024-04-09T22:36:26.294Z'},A
{'$date': '2024-03-31T22:36:26.294Z'},A
{'$date': '2024-04-18T22:36:26.294Z'},A
{'$date': '2024-03-19T22:36:26.294Z'},A
{'$date': '2024-03-25T22:36:26.294Z'},A
{'$date': '2024-03-27T22:36:26.294Z'},A
{'$date': '2024-03-20T22:36:26.294Z'},A
{'$date': '2024-04-10T22:36:26.294Z'},A
{'$date': '2024-04-07T22:36:26.294Z'},A
{'$date': '2024-04-11T22:36:26.294Z'},A
{'$date': '2024-04-02T22:36:26.294Z'},A
{'$date': '2024-04-05T22:36:26.294Z'},A
{'$date': '2024-04-03T22:36:26.294Z'},A
{'$date': '2024-03-28T22:36:26.294Z'},A
{'$date': '2024-03-31T22:36:26.294Z'},A
{'$date': '2024-03-19T22:36:26.294Z'},A
{'$date': '2024-03-19T22:36:26.294Z'},A
{'$date': '2024-04-11T22:36:26.294Z'},A
{'$date': '2024-04-11T22:36:26.294Z'},A
{'$date': '2024-04-01T22:36:26.294Z'},A
{'$date': '2024-04-11T22:36:26.294Z'},A
{'$date': '2024-04-14T22:36:26.294Z'},A
{'$date': '2024-04-14T22:36:26.294Z'},A
{'$date': '2024-04-11T22:36:26.294Z'},A
{'$date': '2024-04-01T22:36:26.294Z'},A
{'$date': '2024-03-28T22:36:26.294Z'},A
{'$date': '2024-04-12T22:36:26.294Z'},A
{'$date': '2024-04-04T22:36:26.294Z'},A
{'$date': '2024-03-23T22:36:26.294Z'},A
{'$date': '2024-03-20T22:36:26.294Z'},A
{'$date': '2024-04-03T22:36:26.294Z'},A
{'$date': '2024-04-04T22:36:26.294Z'},A
{'$date': '2024-03-27T22:36:26.294Z'},A
{'$date': '2024-04-02T22:36:26.294Z'},A
{'$date': '2024-03-26T22:36:26.294Z'},A
{'$date': '2024-03-21T22:36:26.294Z'},A
{'$date': '2024-04-10T22:36:26.294Z'},A
{'$date': '2024-04-06T22:36:26.294Z'},A
{'$date': '2024-04-16T22:36:26.294Z'},A
{'$date': '2024-04-13T22:36:26.294Z'},A
{'$date': '2024-03-24T22:36:26.294Z'},A
{'$date': '2024-03-24T22:36:26.294Z'},A
{'$date': '2024-04-01T22:36:26.294Z'},A
{'$date': '2024-04-14T22:36:26.294Z'},A
{'$date': '2024-04-14T22:36:26.294Z'},A
{'$date': '2024-03-25T22:36:26.294Z'},A
{'$date': '2024-04-02T22:36:26.294Z'},A
{'$date': '2024-03-22T22:36:26.294Z'},A
{'$date': '2024-03-23T22:36:26.294Z'},A
{'$date': '2024-04-03T22:36:26.294Z'},A
{'$date': '2024-03-20T22:36:26.294Z'},A
{'$date': '2024-04-04T22:36:26.294Z'},A
{'$date': '2024-04-09T22:36:26.294Z'},A
{'$date': '2024-04-03T22:36:26.294Z'},A
{'$date': '2024-04-10T22:36:26.294Z'},A
{'$date': '2024-04-17T22:36:26.294Z'},A
{'$date': '2024-04-16T22:36:26.294Z'},A
{'$date': '2024-04-15T22:36:26.294Z'},A
{'$date': '2024-04-02T22:36:26.294Z'},A
{'$date': '2024-04-13T22:36:26.294Z'},A
{'$date': '2024-03-29T22:36:26.294Z'},A
{'$date': '2024-03-21T22:36:26.294Z'},A
{'$date': '2024-04-12T22:36:26.294Z'},A
{'$date': '2024-04-03T22:36:26.294Z'},A
{'$date': '2024-03-20T22:36:26.294Z'},A
{'$date': '2024-04-02T22:36:26.294Z'},A
{'$date': '2024-03-29T22:36:26.294Z'},A
{'$date': '2024-04-07T22:36:26.294Z'},A
{'$date': '2024-03-27T22:36:26.294Z'},A
{'$date': '2024-04-11T22:36:26.294Z'},A
{'$date': '2024-03-24T22:36:26.294Z'},A
{'$date': '2024-04-06T22:36:26.294Z'},A
{'$date': '2024-04-13T22:36:26.294Z'},A
{'$date': '2024-03-30T22:36:26.294Z'},A
{'$date': '2024-04-01T22:36:26.294Z'},A
{'$date': '2024-03-23T22:36:26.294Z'},A
{'$date': '2024-04-11T22:36:26.294Z'},A
{'$date': '2024-04-16T22:36:26.294Z'},A
{'$date': '2024-03-23T22:36:26.294Z'},A
{'$date': '2024-04-02T22:36:26.294Z'},A
{'$date': '2024-03-25T22:36:26.294Z'},A
{'$date': '2024-03-21T22:36:26.294Z'},A
{'$date': '2024-04-03T22:36:26.294Z'},A
{'$date': '2024-03-21T22:36:26.294Z'},A
{'$date': '2024-03-26T22:36:26.294Z'},A
{'$date': '2024-04-13T22:36:26.294Z'},A
{'$date': '2024-03-21T22:36:26.294Z'},A
{'$date': '2024-03-25T22:36:26.294Z'},A
{'$date': '2024-04-15T22:36:26.294Z'},A
{'$date': '2024-04-11T22:36:26.294Z'},A
{'$date': '2024-04-15T22:36:26.294Z'},A
{'$date': '2024-04-01T22:36:26.294Z'},A
{'$date': '2024-03-31T22:36:26.294Z'},A
{'$date': '2024-04-12T22:36:26.294Z'},A
{'$date': '2024-03-23T22:36:26.294Z'},A
{'$date': '2024-03-20T22:36:26.294Z'},A
{'$date': '2024-03-21T22:36:26.294Z'},A
{'$date': '2024-04-18T22:36:26.294Z'},A
{'$date': '2024-04-13T22:36:26.294Z'},A
{'$date': '2024-04-13T22:36:26.294Z'},A
{'$date': '2024-03-21T22:36:26.294Z'},A
{'$date': '2024-03-22T22:36:26.294Z'},A
{'$date': '2024-04-14T22:36:26.294Z'},A
{'$date': '2024-03-20T22:36:26.294Z'},A
{'$date': '2024-04-17T22:36:26.294Z'},A
{'$date': '2024-03-24T22:36:26.294Z'},A
{'$date': '2024-04-14T22:36:26.294Z'},A
{'$date': '2024-03-20T22:36:26.294Z'},A
{'$date': '2024-03-26T22:36:26.294Z'},A
{'$date': '2024-04-05T22:36:26.294Z'},A
{'$date': '2024-03-24T22:36:26.294Z'},A
{'$date': '2024-04-05T22:36:26.294Z'},A
{'$date': '2024-03-25T22:36:26.294Z'},A
{'$date': '2024-03-30T22:36:26.294Z'},A
{'$date': '2024-04-04T22:36:26.294Z'},A
{'$date': '2024-03-27T22:36:26.294Z'},A
{'$date': '2024-04-03T22:36:26.294Z'},A
{'$date': '2024-03-29T22:36:26.294Z'},A
{'$date': '2024-04-03T22:36:26.294Z'},A
{'$date': '2024-03-21T22:36:26.294Z'},A
{'$date': '2024-03-20T22:36:26.294Z'},A
{'$date': '2024-03-24T22:36:26.294Z'},A
{'$date': '2024-04-05T22:36:26.294Z'},A
{'$date': '2024-04-07T22:36:26.294Z'},A
{'$date': '2024-03-23T22:36:26.294Z'},A
{'$date': '2024-04-04T22:36:26.294Z'},A
{'$date': '2024-03-29T22:36:26.294Z'},A
{'$date': '2024-04-02T22:36:26.294Z'},A
{'$date': '2024-03-27T22:36:26.294Z'},A
{'$date': '2024-04-17T22:36:26.294Z'},A
{'$date': '2024-04-15T22:36:26.294Z'},A
{'$date': '2024-04-04T22:36:26.294Z'},A
{'$date': '2024-03-22T22:36:26.294Z'},A
{'$date': '2024-03-25T22:36:26.294Z'},A
{'$date': '2024-03-27T22:36:26.294Z'},A
{'$date': '2024-04-02T22:36:26.294Z'},A
{'$date': '2024-03-31T22:36:26.294Z'},A
{'$date': '2024-03-23T22:36:26.294Z'},A
{'$date': '2024-03-21T22:36:26.294Z'},A
{'$date': '2024-04-14T22:36:26.294Z'},A
{'$date': '2024-03-23T22:36:26.294Z'},A
{'$date': '2024-04-18T22:36:26.294Z'},A
{'$date': '2024-04-16T22:36:26.294Z'},A
{'$date': '2024-04-02T22:36:26.294Z'},A
{'$date': '2024-04-15T22:36:26.294Z'},A
{'$date': '2024-04-13T22:36:26.294Z'},A
{'$date': '2024-04-18T22:36:26.294Z'},A
{'$date': '2024-03-22T22:36:26.294Z'},A
{'$date': '2024-04-08T22:36:26.294Z'},A
{'$date': '2024-03-24T22:36:26.294Z'},A
{'$date': '2024-03-30T22:36:26.294Z'},A
{'$date': '2024-04-01T22:36:26.294Z'},A
{'$date': '2024-03-21T22:36:26.294Z'},A
{'$date': '2024-03-19T22:36:26.294Z'},A
{'$date': '2024-03-25T22:36:26.294Z'},A
{'$date': '2024-04-15T22:36:26.294Z'},A
{'$date': '2024-03-19T22:36:26.294Z'},A
{'$date': '2024-04-09T22:36:26.294Z'},A
{'$date': '2024-03-22T22:36:26.294Z'},A
{'$date': '2024-04-05T22:36:26.294Z'},A
{'$date': '2024-03-24T22:36:26.294Z'},A
{'$date': '2024-04-10T22:36:26.294Z'},A
{'$date': '2024-03-22T22:36:26.294Z'},A
{'$date': '2024-04-15T22:36:26.294Z'},A
{'$date': '2024-03-29T22:36:26.294Z'},A
{'$date': '2024-03-28T22:36:26.294Z'},A
{'$date': '2024-04-14T22:36:26.294Z'},A
{'$date': '2024-04-01T22:36:26.294Z'},A
{'$date': '2024-04-03T22:36:26.294Z'},A
{'$date': '2024-03-30T22:36:26.294Z'},A
{'$date': '2024-04-11T22:36:26.294Z'},A
{'$date': '2024-03-31T22:36:26.294Z'},A
{'$date': '2024-03-24T22:36:26.294Z'},A
{'$date': '2024-04-17T22:36:26.294Z'},A
{'$date': '2024-04-12T22:36:26.294Z'},A
{'$date': '2024-03-31T22:36:26.294Z'},A
{'$date': '2024-03-28T22:36:26.294Z'},A
{'$date': '2024-04-12T22:36:26.294Z'},A
{'$date': '2024-04-16T22:36:26.294Z'},A
{'$date': '2024-03-21T22:36:26.294Z'},A
{'$date': '2024-03-25T22:36:26.294Z'},A
{'$date': '2024-03-21T22:36:26.294Z'},A
{'$date': '2024-04-05T22:36:26.294Z'},A
{'$date': '2024-04-01T22:36:26.294Z'},A
{'$date': '2024-03-28T22:36:26.294Z'},A
{'$date': '2024-04-01T22:36:26.294Z'},A
{'$date': '2024-04-10T22:36:26.294Z'},A
{'$date': '2024-04-10T22:36:26.294Z'},A
{'$date': '2024-04-17T22:36:26.294Z'},A
{'$date': '2024-03-21T22:36:26.294Z'},A
{'$date': '2024-03-26T22:36:26.294Z'},A
{'$date': '2024-04-01T22:36:26.294Z'},A
{'$date': '2024-04-11T22:36:26.294Z'},A
{'$date': '2024-04-07T22:36:26.294Z'},A
{'$date': '2024-03-31T22:36:26.294Z'},A
{'$date': '2024-04-08T22:50:13.556Z'},B
{'$date': '2024-04-04T22:50:13.556Z'},B
{'$date': '2024-04-11T22:50:13.556Z'},B
{'$date': '2024-03-26T22:50:13.556Z'},B
{'$date': '2024-03-31T22:50:13.556Z'},B
{'$date': '2024-04-17T22:50:13.556Z'},B
{'$date': '2024-03-24T22:50:13.556Z'},B
{'$date': '2024-04-06T22:50:13.556Z'},B
{'$date': '2024-03-26T22:50:13.556Z'},B
{'$date': '2024-03-28T22:50:13.556Z'},B
{'$date': '2024-04-02T22:50:13.556Z'},B
{'$date': '2024-03-24T22:50:13.556Z'},B
{'$date': '2024-04-16T22:50:13.556Z'},B
{'$date': '2024-04-16T22:50:13.556Z'},B
{'$date': '2024-04-06T22:50:13.556Z'},B
{'$date': '2024-04-18T22:50:13.556Z'},B
{'$date': '2024-04-09T22:50:13.556Z'},B
{'$date': '2024-04-14T22:50:13.556Z'},B
{'$date': '2024-04-05T22:50:13.556Z'},B
{'$date': '2024-04-09T22:50:13.556Z'},B
{'$date': '2024-03-31T22:50:13.556Z'},B
{'$date': '2024-04-02T22:50:13.556Z'},B
{'$date': '2024-04-03T22:50:13.556Z'},B
{'$date': '2024-03-28T22:50:13.556Z'},B
{'$date': '2024-04-09T22:50:13.556Z'},B
{'$date': '2024-03-25T22:50:13.556Z'},B
{'$date': '2024-03-28T22:50:13.556Z'},B
{'$date': '2024-03-21T22:50:13.556Z'},B
{'$date': '2024-04-16T22:50:13.556Z'},B
{'$date': '2024-04-08T22:50:13.556Z'},B
{'$date': '2024-03-21T22:50:13.556Z'},B
{'$date': '2024-04-18T22:50:13.556Z'},B
{'$date': '2024-03-21T22:50:13.556Z'},B
{'$date': '2024-03-19T22:50:13.556Z'},B
{'$date': '2024-04-07T22:50:13.556Z'},B
{'$date': '2024-03-30T22:50:13.556Z'},B
{'$date': '2024-04-01T22:50:13.556Z'},B
{'$date': '2024-03-24T22:50:13.556Z'},B
{'$date': '2024-03-27T22:50:13.556Z'},B
{'$date': '2024-03-25T22:50:13.556Z'},B
{'$date': '2024-03-25T22:50:13.556Z'},B
{'$date': '2024-04-14T22:50:13.556Z'},B
{'$date': '2024-04-07T22:50:13.556Z'},B
{'$date': '2024-04-09T22:50:13.556Z'},B
{'$date': '2024-04-03T22:50:13.556Z'},B
{'$date': '2024-04-10T22:50:13.556Z'},B
{'$date': '2024-04-17T22:50:13.556Z'},B
{'$date': '2024-04-08T22:50:13.556Z'},B
{'$date': '2024-04-15T22:50:13.556Z'},B
{'$date': '2024-04-05T22:50:13.556Z'},B
{'$date': '2024-04-10T22:50:13.556Z'},B
{'$date': '2024-03-22T22:50:13.556Z'},B
{'$date': '2024-03-19T22:50:13.556Z'},B
{'$date': '2024-04-05T22:50:13.556Z'},B
{'$date': '2024-03-25T22:50:13.556Z'},B
{'$date': '2024-03-20T22:50:13.556Z'},B
{'$date': '2024-04-10T22:50:13.556Z'},B
{'$date': '2024-03-27T22:50:13.556Z'},B
{'$date': '2024-04-03T22:50:13.556Z'},B
{'$date': '2024-03-28T22:50:13.556Z'},B
{'$date': '2024-03-24T22:50:13.556Z'},B
{'$date': '2024-03-19T22:50:13.556Z'},B
{'$date': '2024-04-03T22:50:13.556Z'},B
{'$date': '2024-03-30T22:50:13.556Z'},B
{'$date': '2024-04-09T22:50:13.556Z'},B
{'$date': '2024-04-17T22:50:13.556Z'},B
{'$date': '2024-03-19T22:50:13.556Z'},B
{'$date': '2024-03-28T22:50:13.556Z'},B
{'$date': '2024-04-14T22:50:13.556Z'},B
{'$date': '2024-03-25T22:50:13.556Z'},B
{'$date': '2024-04-04T22:50:13.556Z'},B
{'$date': '2024-03-20T22:50:13.556Z'},B
{'$date': '2024-03-20T22:50:13.556Z'},B
{'$date': '2024-04-08T22:50:13.556Z'},B
{'$date': '2024-04-10T22:50:13.556Z'},B
{'$date': '2024-03-25T22:50:13.556Z'},B
{'$date': '2024-03-26T22:50:13.556Z'},B
{'$date': '2024-03-29T22:50:13.556Z'},B
{'$date': '2024-03-30T22:50:13.556Z'},B
{'$date': '2024-03-21T22:50:13.556Z'},B
{'$date': '2024-03-27T22:50:13.556Z'},B
{'$date': '2024-03-20T22:50:13.556Z'},B
{'$date': '2024-04-02T22:50:13.556Z'},B
{'$date': '2024-04-04T22:50:13.556Z'},B
{'$date': '2024-03-30T22:50:13.556Z'},B
{'$date': '2024-04-05T22:50:13.556Z'},B
{'$date': '2024-04-10T22:50:13.556Z'},B
{'$date': '2024-04-17T22:50:13.556Z'},B
{'$date': '2024-04-01T22:50:13.556Z'},B
{'$date': '2024-04-12T22:50:13.556Z'},B
{'$date': '2024-04-15T22:50:13.556Z'},B
{'$date': '2024-03-26T22:50:13.556Z'},B
{'$date': '2024-03-28T22:50:13.556Z'},B
{'$date': '2024-04-11T22:50:13.556Z'},B
{'$date': '2024-03-19T22:50:13.556Z'},B
{'$date': '2024-04-09T22:50:13.556Z'},B
{'$date': '2024-04-13T22:50:13.556Z'},B
{'$date': '2024-04-09T22:50:13.556Z'},B
{'$date': '2024-04-09T22:50:13.556Z'},B
{'$date': '2024-04-14T22:50:13.556Z'},B
{'$date': '2024-04-01T22:50:13.556Z'},B
{'$date': '2024-04-03T22:50:13.556Z'},B
{'$date': '2024-04-02T22:50:13.556Z'},B
{'$date': '2024-04-12T22:50:13.556Z'},B
{'$date': '2024-04-12T22:50:13.556Z'},B
{'$date': '2024-03-30T22:50:13.556Z'},B
{'$date': '2024-04-14T22:50:13.556Z'},B
{'$date': '2024-03-26T22:50:13.556Z'},B
{'$date': '2024-04-16T22:50:13.556Z'},B
{'$date': '2024-03-24T22:50:13.556Z'},B
{'$date': '2024-04-03T22:50:13.556Z'},B
{'$date': '2024-04-02T22:50:13.556Z'},B
{'$date': '2024-03-27T22:50:13.556Z'},B
{'$date': '2024-04-01T22:50:13.556Z'},B
{'$date': '2024-04-06T22:50:13.556Z'},B
{'$date': '2024-03-30T22:50:13.556Z'},B
{'$date': '2024-04-14T22:50:13.556Z'},B
{'$date': '2024-04-07T22:50:13.556Z'},B
{'$date': '2024-04-09T22:50:13.556Z'},B
{'$date': '2024-03-22T22:50:13.556Z'},B
{'$date': '2024-03-22T22:50:13.556Z'},B
{'$date': '2024-04-14T22:50:13.556Z'},B
{'$date': '2024-03-28T22:50:13.556Z'},B
{'$date': '2024-03-19T22:50:13.556Z'},B
{'$date': '2024-04-11T22:50:13.556Z'},B
{'$date': '2024-03-24T22:50:13.556Z'},B
{'$date': '2024-03-25T22:50:13.556Z'},B
{'$date': '2024-04-13T22:50:13.556Z'},B
{'$date': '2024-04-18T22:50:13.556Z'},B
{'$date': '2024-04-01T22:50:13.556Z'},B
{'$date': '2024-03-31T22:50:13.556Z'},B
{'$date': '2024-04-11T22:50:13.556Z'},B
{'$date': '2024-03-24T22:50:13.556Z'},B
{'$date': '2024-04-13T22:50:13.556Z'},B
{'$date': '2024-04-18T22:50:13.556Z'},B
{'$date': '2024-03-28T22:50:13.556Z'},B
{'$date': '2024-03-30T22:50:13.556Z'},B
{'$date': '2024-03-21T22:50:13.556Z'},B
{'$date': '2024-04-13T22:50:13.556Z'},B
{'$date': '2024-04-13T22:50:13.556Z'},B
{'$date': '2024-04-04T22:50:13.556Z'},B
{'$date': '2024-03-21T22:50:13.556Z'},B
{'$date': '2024-03-22T22:50:13.556Z'},B
{'$date': '2024-04-04T22:50:13.556Z'},B
{'$date': '2024-03-20T22:50:13.556Z'},B
{'$date': '2024-03-23T22:50:13.556Z'},B
{'$date': '2024-04-04T22:50:13.556Z'},B
{'$date': '2024-04-10T22:50:13.556Z'},B
{'$date': '2024-04-17T22:50:13.556Z'},B
{'$date': '2024-03-26T22:50:13.556Z'},B
{'$date': '2024-03-23T22:50:13.556Z'},B
{'$date': '2024-03-26T22:50:13.556Z'},B
{'$date': '2024-04-01T22:50:13.556Z'},B
{'$date': '2024-04-03T22:50:13.556Z'},B
{'$date': '2024-03-28T22:50:13.556Z'},B
{'$date': '2024-03-27T22:50:13.556Z'},B
{'$date': '2024-04-11T22:50:13.556Z'},B
{'$date': '2024-04-13T22:50:13.556Z'},B
{'$date': '2024-04-11T22:50:13.556Z'},B
{'$date': '2024-03-25T22:50:13.556Z'},B
{'$date': '2024-03-20T22:50:13.556Z'},B
{'$date': '2024-04-03T22:50:13.556Z'},B
{'$date': '2024-04-11T22:50:13.556Z'},B
{'$date': '2024-04-08T22:50:13.556Z'},B
{'$date': '2024-04-16T22:50:13.556Z'},B
{'$date': '2024-04-11T22:50:13.556Z'},B
{'$date': '2024-04-05T22:50:13.556Z'},B
{'$date': '2024-04-02T22:50:13.556Z'},B
{'$date': '2024-04-02T22:50:13.556Z'},B
{'$date': '2024-04-07T22:50:13.556Z'},B
{'$date': '2024-04-18T22:50:13.556Z'},B
{'$date': '2024-04-10T22:50:13.556Z'},B
{'$date': '2024-04-12T22:50:13.556Z'},B
{'$date': '2024-03-31T22:50:13.556Z'},B
{'$date': '2024-04-08T22:50:13.556Z'},B
{'$date': '2024-03-26T22:50:13.556Z'},B
{'$date': '2024-03-29T22:50:13.556Z'},B
{'$date': '2024-04-17T22:50:13.556Z'},B
{'$date': '2024-04-07T22:50:13.556Z'},B
{'$date': '2024-04-04T22:50:13.556Z'},B
{'$date': '2024-04-12T22:50:13.556Z'},B
{'$date': '2024-04-08T22:50:13.556Z'},B
{'$date': '2024-04-12T22:50:13.556Z'},B
{'$date': '2024-03-27T22:50:13.556Z'},B
{'$date': '2024-04-15T22:50:13.556Z'},B
{'$date': '2024-04-07T22:50:13.556Z'},B
{'$date': '2024-04-16T22:50:13.556Z'},B
{'$date': '2024-03-23T22:50:13.556Z'},B
{'$date': '2024-03-29T22:50:13.556Z'},B
{'$date': '2024-04-04T22:50:13.556Z'},B
{'$date': '2024-04-01T22:50:13.556Z'},B
{'$date': '2024-03-19T22:50:13.556Z'},B
{'$date': '2024-04-02T22:50:13.556Z'},B
{'$date': '2024-04-06T22:50:13.556Z'},B
{'$date': '2024-03-21T22:50:13.556Z'},B
{'$date': '2024-03-25T22:50:13.556Z'},B
{'$date': '2024-04-01T22:50:13.556Z'},B
{'$date': '2024-03-22T22:50:13.556Z'},B
{'$date': '2024-04-15T22:50:13.556Z'},B
{'$date': '2024-04-13T22:50:13.556Z'},B
{'$date': '2024-04-15T22:50:13.556Z'},B
{'$date': '2024-04-10T22:50:13.556Z'},B
{'$date': '2024-04-18T22:50:13.556Z'},B
{'$date': '2024-04-06T22:50:13.556Z'},B
{'$date': '2024-03-22T22:50:13.556Z'},B
{'$date': '2024-04-11T22:50:13.556Z'},B
{'$date': '2024-04-13T22:50:13.556Z'},B
{'$date': '2024-03-29T22:50:13.556Z'},B
{'$date': '2024-04-07T22:50:13.556Z'},B
{'$date': '2024-04-14T22:50:13.556Z'},B
{'$date': '2024-04-11T22:50:13.556Z'},B
{'$date': '2024-04-05T22:50:13.556Z'},B
{'$date': '2024-04-09T22:50:13.556Z'},B
{'$date': '2024-04-15T22:50:13.556Z'},B
{'$date': '2024-03-23T22:50:13.556Z'},B
{'$date': '2024-04-06T22:50:13.556Z'},B
{'$date': '2024-03-21T22:50:13.556Z'},B
{'$date': '2024-03-25T22:50:13.556Z'},B
{'$date': '2024-03-30T22:50:13.556Z'},B
{'$date': '2024-04-07T22:50:13.556Z'},B
{'$date': '2024-03-26T22:50:13.556Z'},B
{'$date': '2024-04-14T22:50:13.556Z'},B
{'$date': '2024-04-09T22:50:13.556Z'},B
{'$date': '2024-04-03T22:50:13.556Z'},B
{'$date': '2024-03-21T22:50:13.556Z'},B
{'$date': '2024-04-17T22:50:13.556Z'},B
{'$date': '2024-03-27T22:50:13.556Z'},B
{'$date': '2024-03-21T22:50:13.556Z'},B
{'$date': '2024-03-22T22:50:13.556Z'},B
{'$date': '2024-04-14T22:50:13.556Z'},B
{'$date': '2024-03-20T22:50:13.556Z'},B
{'$date': '2024-04-11T22:50:13.556Z'},B
{'$date': '2024-04-09T22:50:13.556Z'},B
{'$date': '2024-03-21T22:50:13.556Z'},B
{'$date': '2024-04-02T22:50:13.556Z'},B
{'$date': '2024-03-25T22:50:13.556Z'},B
{'$date': '2024-04-03T22:50:13.556Z'},B
{'$date': '2024-03-19T22:50:13.556Z'},B
{'$date': '2024-04-17T22:50:13.556Z'},B
{'$date': '2024-04-17T22:50:13.556Z'},B
{'$date': '2024-03-26T22:50:13.556Z'},B
{'$date': '2024-04-18T22:50:13.556Z'},B
{'$date': '2024-04-08T22:50:13.556Z'},B
{'$date': '2024-03-25T22:50:13.556Z'},B
{'$date': '2024-04-04T22:50:13.556Z'},B
{'$date': '2024-03-21T22:50:13.556Z'},B
{'$date': '2024-04-11T22:50:13.556Z'},B
{'$date': '2024-03-25T22:50:13.556Z'},B
{'$date': '2024-04-05T22:50:13.556Z'},B
{'$date': '2024-04-17T22:50:13.556Z'},B
{'$date': '2024-04-16T22:50:13.556Z'},B
{'$date': '2024-04-08T22:50:13.556Z'},B
{'$date': '2024-04-14T22:50:13.556Z'},B
{'$date': '2024-04-16T22:50:13.556Z'},B
{'$date': '2024-04-11T22:50:13.556Z'},B
{'$date': '2024-03-27T22:50:13.556Z'},B
{'$date': '2024-04-11T22:50:13.556Z'},B
{'$date': '2024-04-07T22:50:13.556Z'},B
{'$date': '2024-03-21T22:50:13.556Z'},B
{'$date': '2024-04-14T22:50:13.556Z'},B
{'$date': '2024-04-03T22:50:13.556Z'},B
{'$date': '2024-04-14T22:50:13.556Z'},B
{'$date': '2024-03-27T22:50:13.556Z'},B
{'$date': '2024-04-18T22:50:13.556Z'},B
{'$date': '2024-03-20T22:50:13.556Z'},B
{'$date': '2024-04-12T22:50:13.556Z'},B
{'$date': '2024-03-30T22:50:13.556Z'},B
{'$date': '2024-04-17T22:50:13.556Z'},B
{'$date': '2024-03-23T22:50:13.556Z'},B
{'$date': '2024-03-19T22:50:13.556Z'},B
{'$date': '2024-04-14T22:50:13.556Z'},B
{'$date': '2024-04-17T22:50:13.556Z'},B
{'$date': '2024-04-18T22:50:13.556Z'},B
{'$date': '2024-04-01T22:50:13.556Z'},B
{'$date': '2024-04-13T22:50:13.556Z'},B
{'$date': '2024-04-15T22:50:13.556Z'},B
{'$date': '2024-04-13T22:50:13.556Z'},B
{'$date': '2024-04-05T22:50:13.556Z'},B
{'$date': '2024-03-21T22:50:13.556Z'},B
{'$date': '2024-03-19T22:50:13.556Z'},B
{'$date': '2024-04-02T22:50:13.556Z'},B
{'$date': '2024-03-24T22:50:13.556Z'},B
{'$date': '2024-04-18T22:50:13.556Z'},B
{'$date': '2024-03-28T22:50:13.556Z'},B
{'$date': '2024-04-09T22:50:13.556Z'},B
{'$date': '2024-04-02T22:50:13.556Z'},B
{'$date': '2024-03-31T22:50:13.556Z'},B
{'$date': '2024-04-08T22:50:13.556Z'},B
{'$date': '2024-03-27T22:50:13.556Z'},B
{'$date': '2024-04-06T22:50:13.556Z'},B
{'$date': '2024-03-29T22:50:13.556Z'},B
{'$date': '2024-03-31T22:50:13.556Z'},B
{'$date': '2024-03-23T22:50:13.556Z'},B
{'$date': '2024-03-31T22:50:13.556Z'},B
{'$date': '2024-04-16T22:50:13.556Z'},B
{'$date': '2024-04-13T22:50:13.556Z'},B
{'$date': '2024-04-10T22:50:13.556Z'},B
{'$date': '2024-04-12T22:50:13.556Z'},B
{'$date': '2024-04-02T22:50:13.556Z'},B
{'$date': '2024-04-02T22:50:13.556Z'},B
{'$date': '2024-04-02T22:50:13.556Z'},B
{'$date': '2024-04-01T22:50:13.556Z'},B
{'$date': '2024-03-30T22:50:13.556Z'},B
{'$date': '2024-04-08T22:50:13.556Z'},B
{'$date': '2024-04-09T22:50:13.556Z'},B
{'$date': '2024-04-14T22:50:13.556Z'},B
{'$date': '2024-03-31T22:50:13.556Z'},B
{'$date': '2024-04-06T22:50:13.556Z'},B
{'$date': '2024-03-30T22:50:13.556Z'},B
{'$date': '2024-03-23T22:50:13.556Z'},B
{'$date': '2024-03-19T22:50:13.556Z'},B
{'$date': '2024-04-06T22:50:13.556Z'},B
{'$date': '2024-04-01T22:50:13.556Z'},B
{'$date': '2024-04-04T22:50:13.556Z'},B
{'$date': '2024-03-21T22:50:13.556Z'},B
{'$date': '2024-04-10T22:50:13.556Z'},B
{'$date': '2024-03-23T22:50:13.556Z'},B
{'$date': '2024-03-30T22:50:13.556Z'},B
{'$date': '2024-04-11T22:50:13.556Z'},B
{'$date': '2024-03-22T22:50:13.556Z'},B
{'$date': '2024-04-17T22:50:13.556Z'},B
{'$date': '2024-04-18T22:50:13.556Z'},B
{'$date': '2024-03-28T22:50:13.556Z'},B
{'$date': '2024-03-28T22:50:13.556Z'},B
{'$date': '2024-03-23T22:50:13.556Z'},B
{'$date': '2024-04-12T22:50:13.556Z'},B
{'$date': '2024-04-13T22:50:13.556Z'},B
{'$date': '2024-04-01T22:50:13.556Z'},B
{'$date': '2024-04-02T22:50:13.556Z'},B
{'$date': '2024-04-03T22:50:13.556Z'},B
{'$date': '2024-04-02T22:50:13.556Z'},B
{'$date': '2024-03-20T22:50:13.556Z'},B
{'$date': '2024-03-23T22:50:13.556Z'},B
{'$date': '2024-04-18T22:50:13.556Z'},B
{'$date': '2024-04-02T22:50:13.556Z'},B
{'$date': '2024-04-02T22:50:13.556Z'},B
{'$date': '2024-03-27T22:50:13.556Z'},B
{'$date': '2024-03-29T22:50:13.556Z'},B
{'$date': '2024-04-02T22:50:13.556Z'},B
{'$date': '2024-03-27T22:50:13.556Z'},B
{'$date': '2024-04-02T22:50:13.556Z'},B
{'$date': '2024-03-23T22:50:13.556Z'},B
{'$date': '2024-04-17T22:50:13.556Z'},B
{'$date': '2024-03-19T22:50:13.556Z'},B
{'$date': '2024-04-18T22:50:13.556Z'},B
{'$date': '2024-04-16T22:50:13.556Z'},B
{'$date': '2024-04-11T22:50:13.556Z'},B
{'$date': '2024-04-18T22:50:13.556Z'},B
{'$date': '2024-03-19T22:50:13.556Z'},B
{'$date': '2024-03-21T22:50:13.556Z'},B
{'$date': '2024-03-31T22:50:13.556Z'},B
{'$date': '2024-04-17T22:50:13.556Z'},B
{'$date': '2024-04-07T22:50:13.556Z'},B
{'$date': '2024-04-08T22:50:13.556Z'},B
{'$date': '2024-03-31T22:50:13.556Z'},B
{'$date': '2024-03-21T22:50:13.556Z'},B
{'$date': '2024-04-07T22:50:13.556Z'},B
{'$date': '2024-03-23T22:50:13.556Z'},B
{'$date': '2024-04-06T22:50:13.556Z'},B
{'$date': '2024-03-19T22:50:13.556Z'},B
{'$date': '2024-04-06T22:50:13.556Z'},B
{'$date': '2024-04-08T22:50:13.556Z'},B
{'$date': '2024-04-02T22:50:13.556Z'},B
{'$date': '2024-04-06T22:50:13.556Z'},B
{'$date': '2024-03-31T22:50:13.556Z'},B
{'$date': '2024-04-03T22:50:13.556Z'},B
{'$date': '2024-04-07T22:50:13.556Z'},B
{'$date': '2024-03-22T22:50:13.556Z'},B
{'$date': '2024-04-09T22:50:13.556Z'},B
{'$date': '2024-03-22T22:50:13.556Z'},B
{'$date': '2024-03-20T22:50:13.556Z'},B
{'$date': '2024-04-04T22:50:13.556Z'},B
{'$date': '2024-03-20T22:50:13.556Z'},B
{'$date': '2024-04-10T22:50:13.556Z'},B
{'$date': '2024-04-01T22:50:13.556Z'},B
{'$date': '2024-04-18T22:50:13.556Z'},B
{'$date': '2024-04-01T22:50:13.556Z'},B
{'$date': '2024-04-17T22:50:13.556Z'},B
{'$date': '2024-04-11T22:50:13.556Z'},B
{'$date': '2024-03-25T22:50:13.556Z'},B
{'$date': '2024-04-18T22:50:13.556Z'},B
{'$date': '2024-04-01T22:50:13.556Z'},B
{'$date': '2024-04-03T22:50:13.556Z'},B
{'$date': '2024-03-31T22:50:13.556Z'},B
{'$date': '2024-03-21T22:50:13.556Z'},B
{'$date': '2024-03-28T22:50:13.556Z'},B
{'$date': '2024-03-30T22:50:13.556Z'},B
{'$date': '2024-04-17T22:50:13.556Z'},B
{'$date': '2024-04-10T22:50:13.556Z'},B
{'$date': '2024-04-10T22:50:13.556Z'},B
{'$date': '2024-03-25T22:50:13.556Z'},B
{'$date': '2024-03-21T22:50:13.556Z'},B
{'$date': '2024-03-28T22:50:13.556Z'},B
{'$date': '2024-03-21T22:50:13.556Z'},B
{'$date': '2024-03-22T22:50:13.556Z'},B
{'$date': '2024-04-17T22:50:13.556Z'},B
{'$date': '2024-04-10T22:50:13.556Z'},B
{'$date': '2024-04-07T22:50:13.556Z'},B
{'$date': '2024-04-07T22:50:13.556Z'},B
{'$date': '2024-04-03T22:50:13.556Z'},B
{'$date': '2024-04-14T22:50:13.556Z'},B
{'$date': '2024-04-02T22:50:13.556Z'},B
{'$date': '2024-04-03T22:50:13.556Z'},B
{'$date': '2024-03-22T22:50:13.556Z'},B
{'$date': '2024-04-09T22:50:13.556Z'},B
{'$date': '2024-04-15T22:50:13.556Z'},B
{'$date': '2024-04-11T22:50:13.556Z'},B
{'$date': '2024-04-17T22:50:13.556Z'},B
{'$date': '2024-03-28T22:50:13.556Z'},B
{'$date': '2024-04-02T22:50:13.556Z'},B
{'$date': '2024-04-17T22:50:13.556Z'},B
{'$date': '2024-04-12T22:50:13.556Z'},B
{'$date': '2024-04-18T22:50:13.556Z'},B
{'$date': '2024-04-16T22:50:13.556Z'},B
{'$date': '2024-04-10T22:50:13.556Z'},B
{'$date': '2024-04-01T22:50:13.556Z'},B
{'$date': '2024-04-02T22:50:13.556Z'},B
{'$date': '2024-03-21T22:50:13.556Z'},B
{'$date': '2024-04-01T22:50:13.556Z'},B
{'$date': '2024-03-28T22:50:13.556Z'},B
{'$date': '2024-04-07T22:50:13.556Z'},B
{'$date': '2024-03-21T22:50:13.556Z'},B
{'$date': '2024-04-01T22:50:13.556Z'},B
{'$date': '2024-03-21T22:50:13.556Z'},B
{'$date': '2024-03-22T22:50:13.556Z'},B
{'$date': '2024-03-21T22:50:13.556Z'},B
{'$date': '2024-04-10T22:50:13.556Z'},B
{'$date': '2024-04-02T22:50:13.556Z'},B
{'$date': '2024-03-31T22:50:13.556Z'},B
{'$date': '2024-03-28T22:50:13.556Z'},B
{'$date': '2024-04-12T22:50:13.556Z'},B
{'$date': '2024-03-29T22:50:13.556Z'},B
{'$date': '2024-04-08T22:50:13.556Z'},B
{'$date': '2024-03-22T22:50:13.556Z'},B
{'$date': '2024-04-03T22:50:13.556Z'},B
{'$date': '2024-03-25T22:50:13.556Z'},B
{'$date': '2024-04-16T22:50:13.556Z'},B
{'$date': '2024-04-07T22:50:13.556Z'},B
{'$date': '2024-03-23T22:50:13.556Z'},B
{'$date': '2024-03-31T22:50:13.556Z'},B
{'$date': '2024-04-16T22:50:13.556Z'},B
{'$date': '2024-04-12T22:50:13.556Z'},B
{'$date': '2024-04-03T22:50:13.556Z'},B
{'$date': '2024-04-06T22:50:13.556Z'},B
{'$date': '2024-03-31T22:50:13.556Z'},B
{'$date': '2024-03-24T22:50:13.556Z'},B
{'$date': '2024-04-12T22:50:13.556Z'},B
{'$date': '2024-04-08T22:50:13.556Z'},B
{'$date': '2024-03-30T22:50:13.556Z'},B
{'$date': '2024-03-28T22:50:13.556Z'},B
{'$date': '2024-04-05T22:50:13.556Z'},B
{'$date': '2024-04-08T22:50:13.556Z'},B
{'$date': '2024-04-16T22:50:13.556Z'},B
{'$date': '2024-04-15T22:50:13.556Z'},B
{'$date': '2024-04-16T22:50:13.556Z'},B
{'$date': '2024-03-29T22:50:13.556Z'},B
{'$date': '2024-04-12T22:50:13.556Z'},B
{'$date': '2024-03-23T22:50:13.556Z'},B
{'$date': '2024-04-06T22:50:13.556Z'},B
{'$date': '2024-04-08T22:50:13.556Z'},B
{'$date': '2024-04-12T22:50:13.556Z'},B
{'$date': '2024-03-23T22:50:13.556Z'},B
{'$date': '2024-04-16T22:50:13.556Z'},B
{'$date': '2024-04-18T22:50:13.556Z'},B
{'$date': '2024-03-25T22:50:13.556Z'},B
{'$date': '2024-04-09T22:50:13.556Z'},B
{'$date': '2024-03-25T22:50:13.556Z'},B
{'$date': '2024-03-27T22:50:13.556Z'},B
{'$date': '2024-04-04T22:50:13.556Z'},B
{'$date': '2024-03-31T22:50:13.556Z'},B
{'$date': '2024-03-25T22:50:13.556Z'},B
{'$date': '2024-03-31T22:50:13.556Z'},B
{'$date': '2024-04-06T22:50:13.556Z'},B
{'$date': '2024-03-30T22:50:13.556Z'},B
{'$date': '2024-04-09T22:50:13.556Z'},B
{'$date': '2024-03-27T22:50:13.556Z'},B
{'$date': '2024-04-12T22:50:13.556Z'},B
{'$date': '2024-03-29T22:50:13.556Z'},B
{'$date': '2024-04-01T22:50:13.556Z'},B
{'$date': '2024-04-16T22:50:13.556Z'},B
{'$date': '2024-04-11T22:50:13.556Z'},B
{'$date': '2024-04-11T22:50:13.556Z'},B
{'$date': '2024-03-23T22:50:13.556Z'},B
{'$date': '2024-04-11T22:50:13.556Z'},B
{'$date': '2024-03-19T22:50:13.556Z'},B
{'$date': '2024-04-16T22:50:13.556Z'},B
{'$date': '2024-03-22T22:50:13.556Z'},B
{'$date': '2024-04-07T22:50:13.556Z'},B
{'$date': '2024-04-12T22:50:13.556Z'},B
{'$date': '2024-04-12T22:50:13.556Z'},B
{'$date': '2024-04-08T22:50:13.556Z'},B
{'$date': '2024-03-28T22:50:13.556Z'},B
{'$date': '2024-03-25T22:50:13.556Z'},B
{'$date': '2024-03-25T22:50:13.556Z'},B
{'$date': '2024-04-15T22:50:13.556Z'},B
{'$date': '2024-04-03T22:50:13.556Z'},B
{'$date': '2024-04-08T22:50:13.556Z'},B
{'$date': '2024-04-16T22:50:13.556Z'},B
{'$date': '2024-03-24T22:50:13.556Z'},B
{'$date': '2024-04-03T22:50:13.556Z'},B
{'$date': '2024-03-19T22:50:13.556Z'},B
{'$date': '2024-04-16T22:50:13.556Z'},B
{'$date': '2024-04-01T22:50:13.556Z'},B
{'$date': '2024-03-25T22:50:13.556Z'},B
{'$date': '2024-04-09T22:50:13.556Z'},B
{'$date': '2024-04-09T22:50:13.556Z'},B
{'$date': '2024-03-22T22:50:13.556Z'},B
{'$date': '2024-03-23T22:50:13.556Z'},B
{'$date': '2024-03-19T22:50:13.556Z'},B
{'$date': '2024-04-03T22:50:13.556Z'},B
{'$date': '2024-04-17T22:50:13.556Z'},B
{'$date': '2024-04-01T22:50:13.556Z'},B
{'$date': '2024-03-22T22:50:13.556Z'},B
{'$date': '2024-03-26T22:50:13.556Z'},B
{'$date': '2024-04-07T22:50:13.556Z'},B
{'$date': '2024-03-22T22:50:13.556Z'},B
{'$date': '2024-03-31T22:50:13.556Z'},B
{'$date': '2024-03-19T22:50:13.556Z'},B
{'$date': '2024-03-28T22:50:13.556Z'},B
{'$date': '2024-04-01T22:50:13.556Z'},B
{'$date': '2024-03-19T22:50:13.556Z'},B
{'$date': '2024-03-25T22:50:13.556Z'},B
{'$date': '2024-04-18T22:50:13.556Z'},B
{'$date': '2024-04-05T22:50:13.556Z'},B
{'$date': '2024-04-15T22:50:13.556Z'},B
{'$date': '2024-03-27T22:50:13.556Z'},B
{'$date': '2024-04-08T22:50:13.556Z'},B
{'$date': '2024-04-10T22:50:13.556Z'},B
{'$date': '2024-03-31T22:50:13.556Z'},B
{'$date': '2024-03-21T22:50:13.556Z'},B
{'$date': '2024-03-20T22:50:13.556Z'},B
{'$date': '2024-03-22T22:50:13.556Z'},B
{'$date': '2024-04-05T22:50:13.556Z'},B
{'$date': '2024-04-04T22:50:13.556Z'},B
{'$date': '2024-04-03T22:50:13.556Z'},B
{'$date': '2024-03-23T22:50:13.556Z'},B
{'$date': '2024-04-06T22:50:13.556Z'},B
{'$date': '2024-03-23T22:50:13.556Z'},B
{'$date': '2024-04-01T22:50:13.556Z'},B
{'$date': '2024-03-31T22:50:13.556Z'},B
{'$date': '2024-04-14T22:50:13.556Z'},B
{'$date': '2024-04-11T22:50:13.556Z'},B
{'$date': '2024-04-18T22:50:13.556Z'},B
{'$date': '2024-03-25T22:50:13.556Z'},B
{'$date': '2024-04-18T22:50:13.556Z'},B
{'$date': '2024-04-18T22:50:13.556Z'},B
{'$date': '2024-04-07T22:50:13.556Z'},B
{'$date': '2024-04-18T22:50:13.556Z'},B
{'$date': '2024-03-28T22:50:13.556Z'},B
{'$date': '2024-03-30T22:50:13.556Z'},B
{'$date': '2024-04-17T22:50:13.556Z'},B
{'$date': '2024-04-02T22:50:13.556Z'},B
{'$date': '2024-03-26T22:50:13.556Z'},B
{'$date': '2024-04-16T22:50:13.556Z'},B
{'$date': '2024-04-16T22:50:13.556Z'},B
{'$date': '2024-03-21T22:50:13.556Z'},B
{'$date': '2024-04-05T22:50:13.556Z'},B
{'$date': '2024-04-17T22:50:13.556Z'},B
{'$date': '2024-04-01T22:50:13.556Z'},B
{'$date': '2024-04-08T22:50:13.556Z'},B
{'$date': '2024-03-25T22:50:13.556Z'},B
{'$date': '2024-03-30T22:50:13.556Z'},B
{'$date': '2024-04-11T22:50:13.556Z'},B
{'$date': '2024-04-06T22:50:13.556Z'},B
{'$date': '2024-04-04T22:50:13.556Z'},B
{'$date': '2024-03-29T22:50:13.556Z'},B
{'$date': '2024-04-16T22:50:13.556Z'},B
{'$date': '2024-04-02T22:50:13.556Z'},B
{'$date': '2024-03-25T22:50:13.556Z'},B
{'$date': '2024-03-26T22:50:13.556Z'},B
{'$date': '2024-04-18T22:50:13.556Z'},B
{'$date': '2024-04-07T22:50:13.556Z'},B
{'$date': '2024-04-02T22:50:13.556Z'},B
{'$date': '2024-04-07T22:50:13.556Z'},B
{'$date': '2024-04-11T22:50:13.556Z'},B
{'$date': '2024-04-16T22:50:13.556Z'},B
{'$date': '2024-04-13T22:50:13.556Z'},B
{'$date': '2024-03-20T22:50:13.556Z'},B
{'$date': '2024-04-03T22:50:13.556Z'},B
{'$date': '2024-04-17T22:50:13.556Z'},B
{'$date': '2024-03-25T22:50:13.556Z'},B
{'$date': '2024-04-11T22:50:13.556Z'},B
{'$date': '2024-03-25T22:50:13.556Z'},B
{'$date': '2024-04-10T22:50:13.556Z'},B
{'$date': '2024-04-12T22:50:13.556Z'},B
{'$date': '2024-04-05T22:50:13.556Z'},B
{'$date': '2024-04-15T22:50:13.556Z'},B
{'$date': '2024-03-30T22:50:13.556Z'},B
{'$date': '2024-03-31T22:50:13.556Z'},B
{'$date': '2024-03-30T22:50:13.556Z'},B
{'$date': '2024-03-26T22:50:13.556Z'},B
{'$date': '2024-04-04T22:50:13.556Z'},B
{'$date': '2024-03-26T22:50:13.556Z'},B
{'$date': '2024-03-22T22:50:13.556Z'},B
{'$date': '2024-04-05T22:50:13.556Z'},B
{'$date': '2024-03-24T22:50:13.556Z'},B
{'$date': '2024-04-09T22:50:13.556Z'},B
{'$date': '2024-04-01T22:50:13.556Z'},B
{'$date': '2024-03-27T22:50:13.556Z'},B
{'$date': '2024-03-21T22:50:13.556Z'},B
{'$date': '2024-03-21T22:50:13.556Z'},B
{'$date': '2024-04-07T22:50:13.556Z'},B
{'$date': '2024-04-04T22:50:13.556Z'},B
{'$date': '2024-04-08T22:50:13.556Z'},B
{'$date': '2024-04-10T22:50:13.556Z'},B
{'$date': '2024-03-21T22:50:13.556Z'},B
{'$date': '2024-04-05T22:50:13.556Z'},B
{'$date': '2024-03-22T22:50:13.556Z'},B
{'$date': '2024-04-15T22:50:13.556Z'},B
{'$date': '2024-04-12T22:50:13.556Z'},B
{'$date': '2024-04-06T22:50:13.556Z'},B
{'$date': '2024-04-11T22:50:13.556Z'},B
{'$date': '2024-04-08T22:50:13.556Z'},B
{'$date': '2024-04-09T22:50:13.556Z'},B
{'$date': '2024-03-22T22:50:13.556Z'},B
{'$date': '2024-04-12T22:50:13.556Z'},B
{'$date': '2024-03-19T22:50:13.556Z'},B
{'$date': '2024-03-27T22:50:13.556Z'},B
{'$date': '2024-04-09T22:50:13.556Z'},B
{'$date': '2024-03-23T22:50:13.556Z'},B
{'$date': '2024-04-18T22:50:13.556Z'},B
{'$date': '2024-04-09T22:50:13.556Z'},B
{'$date': '2024-04-12T22:50:13.556Z'},B
{'$date': '2024-03-27T22:50:13.556Z'},B
{'$date': '2024-04-14T22:50:13.556Z'},B
{'$date': '2024-04-11T22:50:13.556Z'},B
{'$date': '2024-04-16T22:50:13.556Z'},B
{'$date': '2024-03-30T22:50:13.556Z'},B
{'$date': '2024-04-10T22:50:13.556Z'},B
{'$date': '2024-04-09T22:50:13.556Z'},B
{'$date': '2024-04-12T22:50:13.556Z'},B
{'$date': '2024-03-22T22:50:13.556Z'},B
{'$date': '2024-04-15T22:50:13.556Z'},B
{'$date': '2024-04-05T22:50:13.556Z'},B
{'$date': '2024-03-22T22:50:13.556Z'},B
{'$date': '2024-04-06T22:50:13.556Z'},B
{'$date': '2024-04-10T22:50:13.556Z'},B
{'$date': '2024-04-17T22:50:13.556Z'},B
{'$date': '2024-04-16T22:50:13.556Z'},B
{'$date': '2024-04-03T22:50:13.556Z'},B
{'$date': '2024-04-06T22:50:13.556Z'},B
{'$date': '2024-04-10T22:50:13.556Z'},B
{'$date': '2024-03-24T22:50:13.556Z'},B
{'$date': '2024-03-27T22:50:13.556Z'},B
{'$date': '2024-03-27T22:50:13.556Z'},B
{'$date': '2024-04-10T22:50:13.556Z'},B
{'$date': '2024-03-27T22:50:13.556Z'},B
{'$date': '2024-04-12T22:50:13.556Z'},B
{'$date': '2024-04-12T22:50:13.556Z'},B
{'$date': '2024-04-10T22:50:13.556Z'},B
{'$date': '2024-03-22T22:50:13.556Z'},B
{'$date': '2024-03-26T22:50:13.556Z'},B
{'$date': '2024-04-04T22:50:13.556Z'},B
{'$date': '2024-04-02T22:50:13.556Z'},B
{'$date': '2024-04-10T22:50:13.556Z'},B
{'$date': '2024-04-03T22:50:13.556Z'},B
{'$date': '2024-04-04T22:50:13.556Z'},B
{'$date': '2024-04-17T22:50:13.556Z'},B
{'$date': '2024-03-25T22:50:13.556Z'},B
{'$date': '2024-04-12T22:50:13.556Z'},B
{'$date': '2024-03-21T22:50:13.556Z'},B
{'$date': '2024-03-23T22:50:13.556Z'},B
{'$date': '2024-04-16T22:50:13.556Z'},B
{'$date': '2024-04-16T22:50:13.556Z'},B
{'$date': '2024-03-30T22:50:13.556Z'},B
{'$date': '2024-03-24T22:50:13.556Z'},B
{'$date': '2024-03-21T22:50:13.556Z'},B
{'$date': '2024-03-20T22:50:13.556Z'},B
{'$date': '2024-04-06T22:50:13.556Z'},B
{'$date': '2024-03-21T22:50:13.556Z'},B
{'$date': '2024-04-10T22:50:13.556Z'},B
{'$date': '2024-04-16T22:50:13.556Z'},B
{'$date': '2024-04-15T22:50:13.556Z'},B
{'$date': '2024-03-29T22:50:13.556Z'},B
{'$date': '2024-04-06T22:50:13.556Z'},B
{'$date': '2024-03-19T22:50:13.556Z'},B
{'$date': '2024-04-03T22:50:13.556Z'},B
{'$date': '2024-03-28T22:50:13.556Z'},B
{'$date': '2024-04-08T22:50:13.556Z'},B
{'$date': '2024-03-19T22:50:13.556Z'},B
{'$date': '2024-04-03T22:50:13.556Z'},B
{'$date': '2024-04-12T22:50:13.556Z'},B
{'$date': '2024-04-08T22:50:13.556Z'},B
{'$date': '2024-03-21T22:50:13.556Z'},B
{'$date': '2024-03-25T22:50:13.556Z'},B
{'$date': '2024-03-23T22:50:13.556Z'},B
{'$date': '2024-04-13T22:50:13.556Z'},B
{'$date': '2024-04-06T22:50:13.556Z'},B
{'$date': '2024-04-10T22:50:13.556Z'},B
{'$date': '2024-03-21T22:50:13.556Z'},B
{'$date': '2024-03-22T22:50:13.556Z'},B
{'$date': '2024-03-22T22:50:13.556Z'},B
{'$date': '2024-04-13T22:50:13.556Z'},B
{'$date': '2024-03-23T22:50:13.556Z'},B
{'$date': '2024-03-20T22:50:13.556Z'},B
{'$date': '2024-03-20T22:50:13.556Z'},B
{'$date': '2024-04-01T22:50:13.556Z'},B
{'$date': '2024-04-15T22:50:13.556Z'},B
{'$date': '2024-04-04T22:50:13.556Z'},B
{'$date': '2024-04-04T22:50:13.556Z'},B
{'$date': '2024-04-07T22:50:13.556Z'},B
{'$date': '2024-03-22T22:50:13.556Z'},B
{'$date': '2024-04-17T22:50:13.556Z'},B
{'$date': '2024-03-28T22:50:13.556Z'},B
{'$date': '2024-03-23T22:50:13.556Z'},B
{'$date': '2024-04-15T22:50:13.556Z'},B
{'$date': '2024-03-26T22:50:13.556Z'},B
{'$date': '2024-03-31T22:50:13.556Z'},B
{'$date': '2024-04-15T22:50:13.556Z'},B
{'$date': '2024-04-14T22:50:13.556Z'},B
{'$date': '2024-03-21T22:50:13.556Z'},B
{'$date': '2024-04-16T22:50:13.556Z'},B
{'$date': '2024-04-05T22:50:13.556Z'},B
{'$date': '2024-04-15T22:50:13.556Z'},B
{'$date': '2024-03-26T22:50:13.556Z'},B
{'$date': '2024-04-06T22:50:13.556Z'},B
{'$date': '2024-04-08T22:50:13.556Z'},B
{'$date': '2024-04-06T22:50:13.556Z'},B
{'$date': '2024-04-18T22:50:13.556Z'},B
{'$date': '2024-04-14T22:50:13.556Z'},B
{'$date': '2024-04-01T22:50:13.556Z'},B
{'$date': '2024-04-06T22:50:13.556Z'},B
{'$date': '2024-03-20T22:50:13.556Z'},B
{'$date': '2024-03-27T22:50:13.556Z'},B
{'$date': '2024-04-18T22:50:13.556Z'},B
{'$date': '2024-03-25T22:50:13.556Z'},B
{'$date': '2024-04-05T22:50:13.556Z'},B
{'$date': '2024-03-22T22:50:13.556Z'},B
{'$date': '2024-04-01T22:50:13.556Z'},B
{'$date': '2024-04-11T22:50:13.556Z'},B
{'$date': '2024-04-15T22:50:13.556Z'},B
{'$date': '2024-04-17T22:50:13.556Z'},B
{'$date': '2024-04-13T22:50:13.556Z'},B
{'$date': '2024-04-11T22:50:13.556Z'},B
{'$date': '2024-04-17T22:50:13.556Z'},B
{'$date': '2024-04-09T22:50:13.556Z'},B
{'$date': '2024-03-26T22:50:13.556Z'},B
{'$date': '2024-03-28T22:50:13.556Z'},B
{'$date': '2024-03-19T22:50:13.556Z'},B
{'$date': '2024-04-14T22:50:13.556Z'},B
{'$date': '2024-04-02T22:50:13.556Z'},B
{'$date': '2024-03-21T22:50:13.556Z'},B
{'$date': '2024-04-09T22:50:13.556Z'},B
{'$date': '2024-04-10T22:50:13.556Z'},B
{'$date': '2024-03-19T22:50:13.556Z'},B
{'$date': '2024-04-03T22:50:13.556Z'},B
{'$date': '2024-04-05T22:50:13.556Z'},B
{'$date': '2024-03-21T22:50:13.556Z'},B
{'$date': '2024-04-09T22:50:13.556Z'},B
{'$date': '2024-03-21T22:50:13.556Z'},B
{'$date': '2024-04-17T22:50:13.556Z'},B
{'$date': '2024-04-06T22:50:13.556Z'},B
{'$date': '2024-04-12T22:50:13.556Z'},B
{'$date': '2024-04-13T22:50:13.556Z'},B
{'$date': '2024-03-26T22:50:13.556Z'},B
{'$date': '2024-03-29T22:50:13.556Z'},B
{'$date': '2024-03-29T22:50:13.556Z'},B
{'$date': '2024-04-02T22:50:13.556Z'},B
{'$date': '2024-03-23T22:50:13.556Z'},B
{'$date': '2024-04-07T22:50:13.556Z'},B
{'$date': '2024-04-14T22:50:13.556Z'},B
{'$date': '2024-04-13T22:50:13.556Z'},B
{'$date': '2024-04-07T22:50:13.556Z'},B
{'$date': '2024-04-15T22:50:13.556Z'},B
{'$date': '2024-03-22T22:50:13.556Z'},B
{'$date': '2024-04-12T22:50:13.556Z'},B
{'$date': '2024-04-09T22:50:13.556Z'},B
{'$date': '2024-04-06T22:50:13.556Z'},B
{'$date': '2024-04-12T22:50:13.556Z'},B
{'$date': '2024-04-11T22:50:13.556Z'},B
{'$date': '2024-04-11T22:50:13.556Z'},B
{'$date': '2024-04-05T22:50:13.556Z'},B
{'$date': '2024-03-30T22:50:13.556Z'},B
{'$date': '2024-04-15T22:50:13.556Z'},B
{'$date': '2024-04-17T22:50:13.556Z'},B
{'$date': '2024-04-08T22:50:13.556Z'},B
{'$date': '2024-03-31T22:50:13.556Z'},B
{'$date': '2024-04-04T22:50:13.556Z'},B
{'$date': '2024-04-08T22:50:13.556Z'},B
{'$date': '2024-03-22T22:50:13.556Z'},B
{'$date': '2024-04-06T22:50:13.556Z'},B
{'$date': '2024-04-02T22:50:13.556Z'},B
{'$date': '2024-04-08T22:50:13.556Z'},B
{'$date': '2024-03-22T22:50:13.556Z'},B
{'$date': '2024-03-22T22:50:13.556Z'},B
{'$date': '2024-04-11T22:50:13.556Z'},B
{'$date': '2024-04-10T22:50:13.556Z'},B
{'$date': '2024-03-24T22:50:13.556Z'},B
{'$date': '2024-04-04T22:50:13.556Z'},B
{'$date': '2024-04-10T22:50:13.556Z'},B
{'$date': '2024-04-10T22:50:13.556Z'},B
{'$date': '2024-04-12T22:50:13.556Z'},B
{'$date': '2024-04-17T22:50:13.556Z'},B
{'$date': '2024-04-12T22:50:13.556Z'},B
{'$date': '2024-04-12T22:50:13.556Z'},B
{'$date': '2024-03-21T22:50:13.556Z'},B
{'$date': '2024-04-08T22:50:13.556Z'},B
{'$date': '2024-03-19T22:50:13.556Z'},B
{'$date': '2024-04-06T22:50:13.556Z'},B
{'$date': '2024-04-02T22:50:13.556Z'},B
{'$date': '2024-04-11T22:50:13.556Z'},B
{'$date': '2024-04-05T22:50:13.556Z'},B
{'$date': '2024-04-12T22:50:13.556Z'},B
{'$date': '2024-03-22T22:50:13.556Z'},B
{'$date': '2024-03-29T22:50:13.556Z'},B
{'$date': '2024-03-24T22:50:13.556Z'},B
{'$date': '2024-03-22T22:50:13.556Z'},B
{'$date': '2024-03-25T22:50:13.556Z'},B
{'$date': '2024-04-08T22:50:13.556Z'},B
{'$date': '2024-04-03T22:50:13.556Z'},B
{'$date': '2024-04-02T22:50:13.556Z'},B
{'$date': '2024-04-11T22:50:13.556Z'},B
{'$date': '2024-04-08T22:50:13.556Z'},B
{'$date': '2024-04-04T22:50:13.556Z'},B
{'$date': '2024-03-21T22:50:13.556Z'},B
{'$date': '2024-03-29T22:50:13.556Z'},B
{'$date': '2024-03-28T22:50:13.556Z'},B
{'$date': '2024-04-03T22:50:13.556Z'},B
{'$date': '2024-03-31T22:50:13.556Z'},B
{'$date': '2024-04-16T22:50:13.556Z'},B
{'$date': '2024-04-10T22:50:13.556Z'},B
{'$date': '2024-04-07T22:50:13.556Z'},B
{'$date': '2024-04-01T22:50:13.556Z'},B
{'$date': '2024-04-12T22:50:13.556Z'},B
{'$date': '2024-03-26T22:50:13.556Z'},B
{'$date': '2024-04-17T22:50:13.556Z'},B
{'$date': '2024-04-08T22:50:13.556Z'},B
{'$date': '2024-04-18T22:50:13.556Z'},B
{'$date': '2024-04-02T22:50:13.556Z'},B
{'$date': '2024-04-12T22:50:13.556Z'},B
{'$date': '2024-04-05T22:50:13.556Z'},B
{'$date': '2024-03-25T22:50:13.556Z'},B
{'$date': '2024-04-11T22:50:13.556Z'},B
{'$date': '2024-03-20T22:50:13.556Z'},B
{'$date': '2024-04-05T22:50:13.556Z'},B
{'$date': '2024-03-28T22:50:13.556Z'},B
{'$date': '2024-04-18T22:50:13.556Z'},B
{'$date': '2024-04-14T22:50:13.556Z'},B
{'$date': '2024-03-26T22:50:13.556Z'},B
{'$date': '2024-04-09T22:50:13.556Z'},B
{'$date': '2024-04-13T22:50:13.556Z'},B
{'$date': '2024-03-29T22:50:13.556Z'},B
{'$date': '2024-04-07T22:50:13.556Z'},B
{'$date': '2024-03-31T22:50:13.556Z'},B
{'$date': '2024-04-09T22:50:13.556Z'},B
{'$date': '2024-03-26T22:50:13.556Z'},B
{'$date': '2024-04-14T22:50:13.556Z'},B
{'$date': '2024-04-07T22:50:13.556Z'},B
{'$date': '2024-04-09T22:50:13.556Z'},B
{'$date': '2024-04-07T22:50:13.556Z'},B
{'$date': '2024-04-02T22:50:13.556Z'},B
{'$date': '2024-04-01T22:50:13.556Z'},B
{'$date': '2024-04-08T22:50:13.556Z'},B
{'$date': '2024-04-10T22:50:13.556Z'},B
{'$date': '2024-04-02T22:50:13.556Z'},B
{'$date': '2024-03-29T22:50:13.556Z'},B
{'$date': '2024-03-30T22:50:13.556Z'},B
{'$date': '2024-04-12T22:50:13.556Z'},B
{'$date': '2024-04-04T22:50:13.556Z'},B
{'$date': '2024-03-29T22:50:13.556Z'},B
{'$date': '2024-03-24T22:50:13.556Z'},B
{'$date': '2024-04-16T22:50:13.556Z'},B
{'$date': '2024-03-22T22:50:13.556Z'},B
{'$date': '2024-03-19T22:50:13.556Z'},B
{'$date': '2024-03-20T22:50:13.556Z'},B
{'$date': '2024-04-03T22:50:13.556Z'},B
{'$date': '2024-04-05T22:50:13.556Z'},B
{'$date': '2024-04-13T22:50:13.556Z'},B
{'$date': '2024-04-03T22:50:13.556Z'},B
{'$date': '2024-03-24T22:50:13.556Z'},B
{'$date': '2024-03-29T22:50:13.556Z'},B
{'$date': '2024-04-06T22:50:13.556Z'},B
{'$date': '2024-03-31T22:50:13.556Z'},B
{'$date': '2024-03-20T22:50:13.556Z'},B
{'$date': '2024-03-25T22:50:13.556Z'},B
{'$date': '2024-04-14T22:50:13.556Z'},B
{'$date': '2024-04-11T22:50:13.556Z'},B
{'$date': '2024-04-03T22:50:13.556Z'},B
{'$date': '2024-04-02T22:50:13.556Z'},B
{'$date': '2024-04-09T22:50:13.556Z'},B
{'$date': '2024-03-27T22:50:13.556Z'},B
{'$date': '2024-04-03T22:50:13.556Z'},B
{'$date': '2024-04-15T22:50:13.556Z'},B
{'$date': '2024-04-16T22:50:13.556Z'},B
{'$date': '2024-04-05T22:50:13.556Z'},B
{'$date': '2024-04-09T22:50:13.556Z'},B
{'$date': '2024-04-16T22:50:13.556Z'},B
{'$date': '2024-04-01T22:50:13.556Z'},B
{'$date': '2024-04-05T22:50:13.556Z'},B
{'$date': '2024-03-25T22:50:13.556Z'},B
{'$date': '2024-03-21T22:50:13.556Z'},B
{'$date': '2024-03-24T22:50:13.556Z'},B
{'$date': '2024-03-27T22:50:13.556Z'},B
{'$date': '2024-03-23T22:50:13.556Z'},B
{'$date': '2024-04-01T22:50:13.556Z'},B
{'$date': '2024-04-05T22:50:13.556Z'},B
{'$date': '2024-03-22T22:50:13.556Z'},B
{'$date': '2024-03-26T22:50:13.556Z'},B
{'$date': '2024-04-09T22:50:13.556Z'},B
{'$date': '2024-04-01T22:50:13.556Z'},B
{'$date': '2024-04-03T22:50:13.556Z'},B
{'$date': '2024-04-17T22:50:13.556Z'},B
{'$date': '2024-03-21T22:50:13.556Z'},B
{'$date': '2024-03-20T22:50:13.556Z'},B
{'$date': '2024-03-27T22:50:13.556Z'},B
{'$date': '2024-04-10T22:50:13.556Z'},B
{'$date': '2024-04-15T22:50:13.556Z'},B
{'$date': '2024-04-02T22:50:13.556Z'},B
{'$date': '2024-04-05T22:50:13.556Z'},B
{'$date': '2024-04-03T22:50:13.556Z'},B
{'$date': '2024-04-18T22:50:13.556Z'},B
{'$date': '2024-04-03T22:50:13.556Z'},B
{'$date': '2024-04-08T22:50:13.556Z'},B
{'$date': '2024-04-18T22:50:13.556Z'},B
{'$date': '2024-04-09T22:50:13.556Z'},B
{'$date': '2024-03-28T22:50:13.556Z'},B
{'$date': '2024-04-17T22:50:13.556Z'},B
{'$date': '2024-04-10T22:50:13.556Z'},B
{'$date': '2024-03-26T22:50:13.556Z'},B
{'$date': '2024-04-01T22:50:13.556Z'},B
{'$date': '2024-03-22T22:50:13.556Z'},B
{'$date': '2024-03-29T22:50:13.556Z'},B
{'$date': '2024-04-14T22:50:13.556Z'},B
{'$date': '2024-04-09T22:50:13.556Z'},B
{'$date': '2024-04-14T22:50:13.556Z'},B
{'$date': '2024-03-24T22:50:13.556Z'},B
{'$date': '2024-03-22T22:50:13.556Z'},B
{'$date': '2024-04-03T22:50:13.556Z'},B
{'$date': '2024-03-24T22:50:13.556Z'},B
{'$date': '2024-04-01T22:50:13.556Z'},B
{'$date': '2024-04-16T22:50:13.556Z'},B
{'$date': '2024-04-06T22:50:13.556Z'},B
{'$date': '2024-04-07T22:50:13.556Z'},B
{'$date': '2024-03-19T22:50:13.556Z'},B
{'$date': '2024-03-19T22:50:13.556Z'},B
{'$date': '2024-04-08T22:50:13.556Z'},B
{'$date': '2024-03-20T22:50:13.556Z'},B
{'$date': '2024-04-18T22:50:13.556Z'},B
{'$date': '2024-03-26T22:50:13.556Z'},B
{'$date': '2024-04-08T22:50:13.556Z'},B
{'$date': '2024-04-03T22:50:13.556Z'},B
{'$date': '2024-03-31T22:50:13.556Z'},B
{'$date': '2024-03-29T22:50:13.556Z'},B
{'$date': '2024-03-28T22:50:13.556Z'},B
{'$date': '2024-03-31T22:50:13.556Z'},B
{'$date': '2024-03-25T22:50:13.556Z'},B
{'$date': '2024-03-21T22:50:13.556Z'},B
{'$date': '2024-04-07T22:50:13.556Z'},B
{'$date': '2024-04-04T22:50:13.556Z'},B
{'$date': '2024-03-29T22:50:13.556Z'},B
{'$date': '2024-03-27T22:50:13.556Z'},B
{'$date': '2024-03-31T22:50:13.556Z'},B
{'$date': '2024-04-04T22:50:13.556Z'},B
{'$date': '2024-04-02T22:50:13.556Z'},B
{'$date': '2024-04-04T22:50:13.556Z'},B
{'$date': '2024-03-22T22:50:13.556Z'},B
{'$date': '2024-04-12T22:50:13.556Z'},B
{'$date': '2024-03-29T22:50:13.556Z'},B
{'$date': '2024-04-06T22:50:13.556Z'},B
{'$date': '2024-03-30T22:50:13.556Z'},B
{'$date': '2024-04-06T22:50:13.556Z'},B
{'$date': '2024-03-20T22:50:13.556Z'},B
{'$date': '2024-03-31T22:50:13.556Z'},B
{'$date': '2024-03-29T22:50:13.556Z'},B
{'$date': '2024-04-15T22:50:13.556Z'},B
{'$date': '2024-04-04T22:50:13.556Z'},B
{'$date': '2024-03-24T22:50:13.556Z'},B
{'$date': '2024-04-09T22:50:13.556Z'},B
{'$date': '2024-04-01T22:50:13.556Z'},B
{'$date': '2024-04-02T22:50:13.556Z'},B
{'$date': '2024-04-14T22:50:13.556Z'},B
{'$date': '2024-03-28T22:50:13.556Z'},B
{'$date': '2024-04-13T22:50:13.556Z'},B
{'$date': '2024-04-02T22:50:13.556Z'},B
{'$date': '2024-04-05T22:50:13.556Z'},B
{'$date': '2024-04-17T22:50:13.556Z'},B
{'$date': '2024-04-08T22:50:13.556Z'},B
{'$date': '2024-04-15T22:50:13.556Z'},B
{'$date': '2024-03-29T22:50:13.556Z'},B
{'$date': '2024-04-03T22:50:13.556Z'},B
{'$date': '2024-03-22T22:50:13.556Z'},B
{'$date': '2024-04-05T22:50:13.556Z'},B
{'$date': '2024-04-01T22:50:13.556Z'},B
{'$date': '2024-04-03T22:50:13.556Z'},B
{'$date': '2024-04-10T22:50:13.556Z'},B
{'$date': '2024-04-04T22:50:13.556Z'},B
{'$date': '2024-04-03T22:50:13.556Z'},B
{'$date': '2024-03-28T22:50:13.556Z'},B
{'$date': '2024-03-26T22:50:13.556Z'},B
{'$date': '2024-03-22T22:50:13.556Z'},B
{'$date': '2024-04-03T22:50:13.556Z'},B
{'$date': '2024-03-30T22:50:13.556Z'},B
{'$date': '2024-04-13T22:50:13.556Z'},B
{'$date': '2024-04-03T22:50:13.556Z'},B
{'$date': '2024-04-14T22:50:13.556Z'},B
{'$date': '2024-04-05T22:50:13.556Z'},B
{'$date': '2024-04-16T22:50:13.556Z'},B
{'$date': '2024-03-30T22:50:13.556Z'},B
{'$date': '2024-04-15T22:50:13.556Z'},B
{'$date': '2024-03-26T22:50:13.556Z'},B
{'$date': '2024-04-20T21:44:45.711Z'},B
